frequency_Hz,spectre_real,spectre_imag,derived_real,derived_imag,relative_error
1.0,590.551,3.70567e-05,590.5511811023631,3.705673025887891e-05,3.06666668111578e-07
1.039122303835169,590.551,3.85065e-05,590.5511811023631,3.8506474919204664e-05,3.066666681115767e-07
1.07977516232771,590.551,4.00129e-05,590.5511811023633,4.001293693061514e-05,3.066666684965993e-07
1.122018454301963,590.551,4.15783e-05,590.5511811023636,4.1578335206552105e-05,3.06666668881618e-07
1.165914401179831,590.551,4.3205e-05,590.5511811023634,4.320497546946333e-05,3.066666686891053e-07
1.211527658628588,590.551,4.48953e-05,590.5511811023637,4.489525364697073e-05,3.0666666907413176e-07
1.258925411794167,590.551,4.66517e-05,590.5511811023639,4.6651659400904516e-05,3.066666694591487e-07
1.308177474260194,590.551,4.84768e-05,590.5511811023638,4.847677979440149e-05,3.0666666926663323e-07
1.359356390878525,590.551,5.03733e-05,590.5511811023641,5.037330310246868e-05,3.066666698441602e-07
1.412537544622754,590.551,5.2344e-05,590.5511811023641,5.234402277162451e-05,3.066666698441625e-07
1.467799267622069,590.551,5.43918e-05,590.5511811023642,5.4391841534451005e-05,3.066666700366776e-07
1.525222956539018,590.551,5.65198e-05,590.5511811023645,5.651977568511618e-05,3.0666667042169156e-07
1.584893192461112,590.551,5.8731e-05,590.5511811023647,5.873095952216487e-05,3.0666667080671563e-07
1.646897865482867,590.551,6.10286e-05,590.5511811023649,6.1028649965122026e-05,3.066666711917388e-07
1.71132830416178,590.551,6.34162e-05,590.5511811023651,6.341623135170775e-05,3.066666715767509e-07
1.778279410038921,590.551,6.58972e-05,590.5511811023653,6.589722042273059e-05,3.066666717692578e-07
1.847849797422289,590.551,6.84753e-05,590.5511811023655,6.847527150200177e-05,3.066666721542788e-07
1.9201419386388,590.551,7.11542e-05,590.5511811023658,7.115418187889879e-05,3.0666667273180537e-07
1.995262314968878,590.551,7.39379e-05,590.5511811023661,7.393789740150796e-05,3.06666673116823e-07
2.073321573485953,590.551,7.68305e-05,590.5511811023664,7.68305182885833e-05,3.066666736943533e-07
2.154434690031881,590.551,7.98363e-05,590.5511811023667,7.983630516888276e-05,3.066666742718806e-07
2.238721138568337,590.551,8.29597e-05,590.5511811023672,8.295968535677708e-05,3.066666750419198e-07
2.326305067153623,590.551,8.62053e-05,590.5511811023675,8.620525937337494e-05,3.066666756194553e-07
2.417315480804101,590.551,8.95778e-05,590.5511811023679,8.957780772276965e-05,3.066666761969765e-07
2.511886431509577,590.551,9.30823e-05,590.5511811023683,9.308229793338822e-05,3.066666769670146e-07
2.610157215682533,590.551,9.67239e-05,590.551181102369,9.672389187481395e-05,3.0666667812207253e-07
2.712272579332024,590.551,0.000100508,590.5511811023694,0.00010050795336086041,3.06666678699611e-07
2.818382931264449,590.551,0.00010444,590.55118110237,0.00010444005605009501,3.0666667985467303e-07
2.928644564625232,590.551,0.000108526,590.5511811023707,0.00010852599165544891,3.066666810097162e-07
3.043219887107717,590.551,0.000112772,590.5511811023713,0.00011277177847500646,3.0666668197249315e-07
3.162277660168374,590.551,0.000117184,590.5511811023721,0.000117183670256538,3.0666668332033925e-07
3.285993247600648,590.551,0.000121768,590.5511811023729,0.0001217681654088345,3.066666846675259e-07
3.414548873833595,590.551,0.000126532,590.5511811023739,0.00012653201657341004,3.0666668639998566e-07
3.548133892335747,590.551,0.000131482,590.5511811023746,0.00013148224057067158,3.066666875553123e-07
3.686945064519568,590.551,0.000136626,590.5511811023756,0.0001366261287352062,3.066666892877055e-07
3.83118684955728,590.551,0.000141971,590.5511811023766,0.00014197125765540787,3.0666669102052455e-07
3.981071705534964,590.551,0.000147526,590.551181102378,0.00014752550033326372,3.0666669333149656e-07
4.136820402388498,590.551,0.000153297,590.5511811023792,0.000153297037780737,3.0666669544794147e-07
4.298662347082267,590.551,0.000159294,590.5511811023805,0.00015929437106982635,3.066666975661838e-07
4.466835921509621,590.551,0.000165526,590.5511811023819,0.0001655263338540522,3.066666998761761e-07
4.641588833612769,590.551,0.000172002,590.5511811023836,0.0001720021053798121,3.066667027633508e-07
4.823178482239296,590.551,0.000178731,590.5511811023854,0.00017873122400676985,3.0666670584368684e-07
5.011872336272711,590.551,0.000185724,590.5511811023872,0.00018572360125719428,3.0666670892434895e-07
5.207948328595451,590.551,0.00019299,590.5511811023891,0.00019298953641493996,3.066667121972732e-07
5.411695265464624,590.551,0.00020054,590.5511811023913,0.00020053973169557353,3.066667158542871e-07
5.623413251903477,590.551,0.000208385,590.5511811023936,0.00020838530800999103,3.0666671970458576e-07
5.843414133735161,590.551,0.000216538,590.5511811023962,0.00021653782134474302,3.06666724132012e-07
6.072021956909869,590.551,0.000225009,590.5511811023988,0.00022500927978319748,3.0666672855994904e-07
6.309573444801915,590.551,0.000233812,590.5511811024016,0.0002338121611926082,3.0666673337244413e-07
6.55641849417977,590.551,0.000242959,590.5511811024048,0.00024295943160314277,3.0666673876346193e-07
6.812920690579593,590.551,0.000252465,590.5511811024083,0.0002524645643059407,3.066667447312757e-07
7.079457843841358,590.551,0.000262342,590.5511811024121,0.0002623415596983312,3.0666675108411085e-07
7.356422544596391,590.551,0.000272605,590.5511811024159,0.0002726049659054412,3.0666675743602606e-07
7.644222742525979,590.551,0.00028327,590.5511811024204,0.0002832699002085696,3.0666676513645065e-07
7.943282347242791,590.551,0.000294352,590.551181102425,0.000294352071311887,3.066667728368112e-07
8.254041852680158,590.551,0.000305868,590.55118110243,0.0003058678024802616,3.0666678130739143e-07
8.576958985908913,590.551,0.000317834,590.5511811024353,0.0003178340555822896,3.0666679035517397e-07
8.912509381337426,590.551,0.000330268,590.5511811024412,0.0003302684560739437,3.066668003666304e-07
9.261187281287903,590.551,0.000343189,590.5511811024475,0.00034318931895964015,3.0666681095416065e-07
9.623506263980852,590.551,0.000356616,590.5511811024544,0.00035661567576896353,3.066668226972611e-07
9.999999999999964,590.551,0.000370567,590.5511811024618,0.00037056730258878056,3.0666683521032076e-07
10.39122303835165,590.551,0.000385065,590.5511811024697,0.00038506474919203714,3.0666684868585765e-07
10.79775162327706,590.551,0.000400129,590.551181102478,0.0004001293693061406,3.0666686273940055e-07
11.22018454301959,590.551,0.000415783,590.5511811024876,0.0004157833520655091,3.066668789101477e-07
11.65914401179827,590.551,0.00043205,590.5511811024975,0.00043204975469462027,3.066668956581833e-07
12.11527658628584,590.551,0.000448953,590.5511811025083,0.00044895253646969275,3.0666691394731684e-07
12.58925411794162,590.551,0.000466517,590.5511811025198,0.0004665165940090284,3.066669333905508e-07
13.08177474260189,590.551,0.000484768,590.5511811025324,0.0004847677979439969,3.0666695475853505e-07
13.5935639087852,590.551,0.000503733,590.5511811025459,0.0005037330310246663,3.0666697766698913e-07
14.12537544622749,590.551,0.00052344,590.5511811025607,0.0005234402277162227,3.06667002693473e-07
14.67799267622063,590.551,0.000543918,590.5511811025765,0.0005439184153444847,3.066670294528692e-07
15.25222956539013,590.551,0.000565198,590.5511811025935,0.0005651977568511338,3.066670583287767e-07
15.84893192461107,590.551,0.00058731,590.5511811026121,0.000587309595221618,3.066670897083284e-07
16.46897865482861,590.551,0.000610286,590.551181102632,0.0006102864996511856,3.066671233979067e-07
17.11328304161773,590.551,0.000634162,590.5511811026536,0.0006341623135170382,3.066671599740201e-07
17.78279410038915,590.551,0.000658972,590.5511811026768,0.0006589722042272627,3.066671992457106e-07
18.47849797422283,590.551,0.000684753,590.5511811027019,0.0006847527150199694,3.0666724179051343e-07
19.20141938638793,590.551,0.000711542,590.551181102729,0.0007115418187889337,3.0666728760756804e-07
19.9526231496887,590.551,0.000739379,590.5511811027582,0.0007393789740150188,3.066673370823807e-07
20.73321573485946,590.551,0.000768305,590.5511811027898,0.0007683051828857653,3.0666739060019827e-07
21.54434690031874,590.551,0.000798363,590.5511811028239,0.0007983630516887519,3.0666744835292955e-07
22.38721138568329,590.551,0.000829597,590.5511811028608,0.0008295968535676861,3.0666751091863217e-07
23.26305067153615,590.551,0.000862053,590.5511811029006,0.0008620525937336546,3.066675782976579e-07
24.17315480804092,590.551,0.000895778,590.5511811029436,0.0008957780772275903,3.0666765106553683e-07
25.11886431509567,590.551,0.000930823,590.55118110299,0.0009308229793337628,3.066677296094212e-07
26.10157215682523,590.551,0.000967239,590.5511811030399,0.0009672389187480058,3.0666781412115725e-07
27.12272579332014,590.551,0.00100508,590.551181103094,0.0010050795336084548,3.0666790575670525e-07
28.18382931264439,590.551,0.0010444,590.5511811031524,0.0010444005605007827,3.0666800470708314e-07
29.28644564625221,590.551,0.00108526,590.5511811032154,0.001085259916554302,3.0666811135595645e-07
30.43219887107706,590.551,0.00112772,590.5511811032835,0.001127717784749854,3.0666822669210665e-07
31.62277660168362,590.551,0.00117184,590.5511811033571,0.0011718367025651442,3.0666835127369755e-07
32.85993247600636,590.551,0.00121768,590.5511811034363,0.001217681654088081,3.066684854148361e-07
34.14548873833583,590.551,0.00126532,590.551181103522,0.0012653201657338048,3.0666863055439994e-07
35.48133892335735,590.551,0.00131482,590.5511811036146,0.0013148224057063845,3.066687872841292e-07
36.86945064519555,590.551,0.00136626,590.5511811037146,0.0013662612873516907,3.066689566732545e-07
38.31186849557266,590.551,0.00141971,590.5511811038223,0.0014197125765536619,3.066691390031181e-07
39.8107170553495,590.551,0.00147526,590.5511811039389,0.001475255003332171,3.0666933660363555e-07
41.36820402388483,590.551,0.00153297,590.5511811040648,0.0015329703778068473,3.066695495956921e-07
42.98662347082252,590.551,0.00159294,590.5511811042006,0.0015929437106976772,3.066697797083492e-07
44.66835921509605,590.551,0.00165526,590.5511811043472,0.001655263338539865,3.0667002784093815e-07
46.41588833612751,590.551,0.00172002,590.5511811045056,0.0017200210537973836,3.066702961523825e-07
48.23178482239277,590.551,0.00178731,590.5511811046765,0.0017873122400668703,3.066705855125542e-07
50.11872336272692,590.551,0.00185724,590.5511811048611,0.0018572360125710147,3.0667089819899033e-07
52.07948328595431,590.551,0.0019299,590.5511811050607,0.0019298953641483589,3.066712360794505e-07
54.11695265464603,590.551,0.0020054,590.5511811052758,0.0020053973169545697,3.06671600240766e-07
56.23413251903455,590.551,0.00208385,590.5511811055082,0.002083853080098602,3.0667199393356256e-07
58.43414133735138,590.551,0.00216538,590.5511811057592,0.0021653782134459635,3.0667241877278385e-07
60.72021956909846,590.551,0.00225009,590.5511811060303,0.0022500927978303304,3.06672877929815e-07
63.09573444801892,590.551,0.00233812,590.5511811063228,0.0023381216119242373,3.066733732325261e-07
65.56418494179746,590.551,0.00242959,590.5511811066389,0.002429594316029359,3.0667390848410794e-07
68.12920690579568,590.551,0.00252465,590.5511811069799,0.0025246456430570866,3.066744860145181e-07
70.79457843841332,590.551,0.00262342,590.5511811073483,0.002623415596980708,3.066751097474565e-07
73.56422544596364,590.551,0.00272605,590.5511811077461,0.0027260496590514926,3.066757832484026e-07
76.44222742525952,590.551,0.0028327,590.5511811081755,0.0028326990020824195,3.066765103612127e-07
79.43282347242761,590.551,0.00294352,590.5511811086393,0.0029435207131151956,3.0667729579803667e-07
82.54041852680128,590.551,0.00305868,590.5511811091401,0.003058678024798495,3.066781438186149e-07
85.76958985908881,590.551,0.00317834,590.5511811096808,0.0031783405558182725,3.0667905937740105e-07
89.12509381337392,590.551,0.00330268,590.5511811102647,0.0033026845607342487,3.0668004820241817e-07
92.61187281287869,590.551,0.00343189,590.5511811108951,0.0034318931895905833,3.066811156183814e-07
96.23506263980816,590.551,0.00356616,590.5511811115759,0.003566156757683107,3.0668226855986433e-07
99.99999999999928,590.551,0.00370567,590.5511811123109,0.0037056730258804814,3.0668351312798136e-07
103.9122303835162,590.551,0.00385065,590.5511811131046,0.00385064749191216,3.0668485702399055e-07
107.9775162327702,590.551,0.00400129,590.5511811139615,0.004001293693052191,3.066863081955841e-07
112.2018454301955,590.551,0.00415783,590.551181114887,0.004157833520644754,3.0668787521778225e-07
116.5914401179823,590.551,0.0043205,590.551181115886,0.004320497546934603,3.0668956696219196e-07
121.1527658628579,590.551,0.00448953,590.5511811169649,0.004489525364683911,3.066913939504535e-07
125.8925411794158,590.551,0.00466517,590.5511811181298,0.004665165940075686,3.0669336638026055e-07
130.8177474260184,590.551,0.00484768,590.5511811193877,0.004847677979423586,3.0669549644083833e-07
135.9356390878515,590.551,0.00503733,590.5511811207459,0.005037330310228284,3.0669779633420094e-07
141.2537544622744,590.551,0.0052344,590.5511811222124,0.005234402277141607,3.0670027953911203e-07
146.7799267622059,590.551,0.00543918,590.551181123796,0.005439184153421718,3.0670296125401497e-07
152.5222956539008,590.551,0.00565198,590.5511811255059,0.0056519775684853845,3.0670585654515255e-07
158.4893192461101,590.551,0.0058731,590.5511811273522,0.005873095952187057,3.067089829497464e-07
164.6897865482856,590.551,0.00610286,590.5511811293459,0.006102864996479185,3.0671235903042315e-07
171.1328304161768,590.551,0.00634162,590.5511811314984,0.006341623135133729,3.067160039361323e-07
177.8279410038909,590.551,0.00658972,590.5511811338228,0.0065897220422315,3.0671993976812397e-07
184.7849797422277,590.551,0.00684753,590.5511811363326,0.0068475271501535545,3.0672418982067263e-07
192.0141938638787,590.551,0.00711542,590.5511811390425,0.007115418187837565,3.0672877845649936e-07
199.5262314968864,590.551,0.00739379,590.5511811419688,0.007393789740092102,3.067337336381525e-07
207.3321573485939,590.551,0.00768305,590.5511811451283,0.00768305182879248,3.067390838798214e-07
215.4434690031867,590.551,0.00798363,590.5511811485399,0.007983630516814394,3.067448606930278e-07
223.8721138568322,590.551,0.00829597,590.5511811522239,0.008295968535594818,3.0675109897486475e-07
232.6305067153608,590.551,0.00862053,590.5511811562016,0.008620525937244498,3.067578345673027e-07
241.7315480804085,590.551,0.00895778,590.5511811604966,0.008957780772172625,3.067651075050204e-07
251.188643150956,590.551,0.00930823,590.5511811651343,0.00930822979322175,3.0677296054588386e-07
261.0157215682516,590.551,0.00967239,590.551181170142,0.009672389187350045,3.067814402109156e-07
271.2272579332006,590.551,0.0100508,590.5511811755491,0.01005079533593867,3.067905964503095e-07
281.8382931264431,590.551,0.010444,590.5511811813875,0.010444005604844155,3.068004828251244e-07
292.8644564625213,590.551,0.0108526,590.5511811876918,0.010852599165359378,3.068111579155263e-07
304.3219887107697,590.551,0.0112772,590.551181194499,0.011277177847292494,3.068226871017054e-07
316.2277660168353,590.551,0.0117184,590.5511812018492,0.011718367025420257,3.068351362112536e-07
328.5993247600628,590.551,0.0121768,590.5511812097858,0.012176816540621426,3.0684857169558386e-07
341.4548873833573,590.551,0.0126532,590.5511812183555,0.012653201657047012,3.06863081802526e-07
354.8133892335725,590.551,0.0131482,590.5511812276089,0.013148224056737299,3.068787536184702e-07
368.6945064519545,590.551,0.0136626,590.5511812376005,0.01366261287315052,3.068956707786961e-07
383.1186849557256,590.551,0.0141971,590.5511812483893,0.014197125765125532,3.0691394207251676e-07
398.1071705534939,590.551,0.0147526,590.5511812600387,0.014752550032860464,3.069336768982042e-07
413.6820402388472,590.551,0.0153297,590.5511812726171,0.015329703777550947,3.069549647555252e-07
429.8662347082241,590.551,0.0159294,590.5511812861993,0.015929437106396105,3.069779702393352e-07
446.6835921509593,590.551,0.0165526,590.5511813008649,0.016552633384747127,3.0700280274996523e-07
464.1588833612739,590.551,0.0172002,590.5511813167005,0.017200210537242824,3.0702961310849723e-07
482.3178482239265,590.551,0.0178731,590.5511813337993,0.017873122399848503,3.0705856875914236e-07
501.1872336272679,590.551,0.0185724,590.5511813522622,0.018572360124789876,3.0708983778105747e-07
520.7948328595418,590.551,0.019299,590.5511813721981,0.019298953640451026,3.071235984860776e-07
541.1695265464589,590.551,0.020054,590.5511813937244,0.020053973168387144,3.071600429257657e-07
562.341325190344,590.551,0.0208385,590.5511814169679,0.02083853079968611,3.071994029619503e-07
584.3414133735123,590.551,0.0216538,590.5511814420656,0.021653782133001113,3.072418988250454e-07
607.202195690983,590.551,0.0225009,590.5511814691655,0.022500927976666817,3.072877900740834e-07
630.9573444801874,590.551,0.0233812,590.5511814984274,0.02338121611740621,3.073373376757737e-07
655.6418494179728,590.551,0.0242959,590.5511815300233,0.024295943158233385,3.0739084760729685e-07
681.2920690579549,590.551,0.0252465,590.55118156414,0.025246456428259286,3.074486187437686e-07
707.9457843841312,590.551,0.0262342,590.5511816009786,0.02623415596721346,3.07510998773061e-07
735.6422544596344,590.551,0.0272605,590.5511816407559,0.02726049658760483,3.075783460032801e-07
764.422274252593,590.551,0.028327,590.5511816837062,0.02832699001755903,3.076510755713095e-07
794.3282347242739,590.551,0.0294352,590.5511817300832,0.029435207127488375,3.0772960693285927e-07
825.4041852680105,590.551,0.0305868,590.5511817801597,0.030586780243874356,3.0781440475014613e-07
857.6958985908858,590.551,0.0317834,590.551181834231,0.031783405553570565,3.0790596371361375e-07
891.2509381337369,590.551,0.0330268,590.551181892616,0.03302684560216757,3.080048384711766e-07
926.1187281287845,590.551,0.0343189,590.5511819556586,0.0343189318900995,3.08111585669861e-07
962.3506263980792,590.551,0.0356616,590.5511820237305,0.035661567570316244,3.082268540222532e-07
999.9999999999901,590.551,0.0370567,590.5511820972328,0.03705673025149509,3.0835131718336897e-07
1039.122303835159,590.551,0.0385065,590.5511821765986,0.03850647491091992,3.084857085258133e-07
1079.775162327699,590.551,0.0400129,590.551182262296,0.040012936921319506,3.0863082623345267e-07
1122.018454301952,590.551,0.0415783,590.55118235483,0.04157833519612227,3.087875163243362e-07
1165.91440117982,590.551,0.043205,590.5511824547459,0.04320497545776094,3.089567042641491e-07
1211.527658628576,590.551,0.0448953,590.5511825626324,0.04489525363384041,3.0913939918229225e-07
1258.925411794154,590.551,0.0466517,590.5511826791258,0.04665165938617207,3.093366587302426e-07
1308.177474260181,590.551,0.0484768,590.5511828049124,0.04847677977787153,3.095496515481432e-07
1359.356390878512,590.551,0.0503733,590.5511829407334,0.05037330308392177,3.0977963973993995e-07
1412.53754462274,590.551,0.052344,590.5511830873899,0.05234402275081459,3.100279802192181e-07
1467.799267622054,590.551,0.0543918,590.5511832457457,0.05439184151110189,3.1029613488526105e-07
1525.222956539003,590.551,0.0565198,590.5511834167346,0.0565197756589181,3.10585670613204e-07
1584.893192461097,590.551,0.058731,590.5511836013641,0.058730959492770254,3.1089831446865834e-07
1646.897865482851,590.551,0.0610286,590.5511838007222,0.061028649932140744,3.1123589798893274e-07
1711.328304161762,590.551,0.0634162,590.5511840159844,0.0634162313147021,3.1160040136008936e-07
1778.279410038904,590.551,0.0658972,590.5511842484191,0.0658972203812097,3.11993987865167e-07
1847.849797422271,590.551,0.0684753,590.5511844993963,0.06847527145541461,3.1241897750018406e-07
1920.141938638781,590.551,0.0711542,590.5511847703954,0.07115418182662722,3.1287786671041947e-07
1995.262314968858,590.551,0.0739379,590.5511850630131,0.0739378973428583,3.1337336428574517e-07
2073.321573485932,590.551,0.0768305,590.5511853789747,0.07683051822277735,3.139083935870807e-07
2154.43469003186,590.551,0.0798363,590.5511857201423,0.07983630509504737,3.1448610226548993e-07
2238.721138568314,590.551,0.0829597,590.5511860885264,0.08295968527393244,3.151098998092344e-07
2326.3050671536,590.551,0.0862053,590.5511864862984,0.08620525928042179,3.157834665571427e-07
2417.315480804076,590.551,0.0895778,590.5511869158029,0.0895778076184746,3.1651075296217463e-07
2511.886431509551,590.551,0.0930823,590.5511873795709,0.09308229781636729,3.1729606607928195e-07
2610.157215682506,590.551,0.0967239,590.5511878803363,0.09672389174351438,3.181440284965119e-07
2712.272579331996,590.551,0.100508,590.5511884210504,0.10050795321354,3.190596464779391e-07
2818.382931264421,590.551,0.10444,590.5511890048999,0.10444005588479889,3.2004830183311475e-07
2928.644564625202,590.551,0.108526,590.5511896353261,0.10852599146998365,3.211158089959321e-07
3043.219887107686,590.551,0.112772,590.5511903160448,0.11277177826691105,3.222687102180602e-07
3162.277660168342,590.551,0.117184,590.5511910510677,0.11718367002305126,3.2351361192962166e-07
3285.993247600615,590.551,0.121768,590.5511918447273,0.12176816514685816,3.248571790829914e-07
3414.548873833561,590.551,0.126532,590.5511927017011,0.12653201627946786,3.263082010482807e-07
3548.133892335712,590.551,0.131482,590.5511936270403,0.1314822402408632,3.278753588478684e-07
3686.945064519531,590.551,0.136626,590.5511946261985,0.13662612836515514,3.295670846653519e-07
3831.186849557242,590.551,0.141971,590.5511957050647,0.1419712572402039,3.3139417806224027e-07
3981.071705534925,590.551,0.147525,590.5511968699979,0.14752549986739738,3.3336758490624076e-07
4136.820402388457,590.551,0.153297,590.5511981278636,0.15329703725802651,3.354965005528111e-07
4298.662347082225,590.551,0.159294,590.5511994860757,0.15929437048333556,3.377969811743709e-07
4466.835921509577,590.551,0.165526,590.5512009526394,0.16552633319599888,3.4028024562475754e-07
4641.588833612723,590.551,0.172002,590.5512025361985,0.17200210464146426,3.429613148347525e-07
4823.178482239248,590.551,0.178731,590.5512042460862,0.17873122317833004,3.458568829213473e-07
5011.872336272662,590.551,0.185724,590.5512060923805,0.18572360032766963,3.489837218451888e-07
5207.9483285954,590.551,0.19299,590.5512080859634,0.19298953537199634,3.523597413522419e-07
5411.695265464571,590.551,0.20054,590.5512102385845,0.20053973052537166,3.5600425741230313e-07
5623.413251903422,590.551,0.208385,590.5512125629314,0.20838530669700311,3.599402301236774e-07
5843.414133735104,590.551,0.216538,590.5512150727035,0.21653781987154663,3.641898601239676e-07
6072.02195690981,590.551,0.225009,590.5512177826931,0.22500927813024424,3.68778944685409e-07
6309.573444801854,590.551,0.233812,590.5512207088723,0.23381215933796423,3.737337333532354e-07
6556.418494179707,590.551,0.242959,590.5512238684881,0.24295942952219815,3.790846113700767e-07
6812.920690579527,590.551,0.252465,590.551227280163,0.25246456197108275,3.8486172533968724e-07
7079.45784384129,590.551,0.262342,590.5512309640045,0.2623415570785775,3.9109969509108813e-07
7356.42254459632,590.551,0.272605,590.551234941725,0.27260496296602943,3.978345806395184e-07
7644.222742525905,590.551,0.28327,590.551239236769,0.28326989691049553,4.0510754654619384e-07
7943.282347242714,590.551,0.294352,590.551243874451,0.29435206761138727,4.129606575623761e-07
8254.041852680079,590.551,0.305868,590.5512488821046,0.3058677983282329,4.2144039713098444e-07
8576.95898590883,590.551,0.317834,590.5512542892444,0.3178340509236369,4.3059634670260767e-07
8912.509381337339,590.551,0.330268,590.55126012774,0.33026845084684964,4.404835066864107e-07
9261.187281287814,590.551,0.343189,590.5512664320025,0.34318931309474443,4.5115836102754774e-07
9623.50626398076,590.551,0.356616,590.5512732391886,0.35661566918844256,4.626852085374145e-07
9999.999999999869,590.551,0.370567,590.5512805894191,0.37056729520531484,4.7513150563160213e-07
10391.22303835155,590.551,0.385065,590.5512885260154,0.3850647409076526,4.885707235126786e-07
10797.75162327695,590.551,0.400129,590.5512970957549,0.4001293600109084,5.030822999156059e-07
11220.18454301949,590.551,0.415783,590.5513063491469,0.41578334163608754,5.187513059834679e-07
11659.14401179816,590.551,0.43205,590.5513163407297,0.43204974299261684,5.35670213020823e-07
12115.27658628572,590.551,0.448953,590.5513271293927,0.44895252333982894,5.539393958760485e-07
12589.2541179415,590.551,0.466517,590.5513387787231,0.4665165792770793,5.736654145926005e-07
13081.77474260176,590.551,0.484768,590.551351357381,0.4847677814144782,5.949649082530026e-07
13593.56390878507,590.551,0.503733,590.5513649395034,0.5037330124782416,6.179638088623478e-07
14125.37544622735,590.551,0.52344,590.5513796051415,0.5234402069067919,6.427976664590943e-07
14677.9926762205,590.551,0.543918,590.5513954407338,0.5439183919959201,6.696127777954884e-07
15252.22956538998,590.551,0.565198,590.551412539613,0.5651977306536127,6.985666331433134e-07
15848.93192461092,590.551,0.58731,590.5514310025583,0.5873095658275158,7.298306991472675e-07
16468.97865482846,590.551,0.610286,590.5514509383883,0.6102864666704606,7.635886562991814e-07
17113.28304161757,590.551,0.634162,590.5514724646022,0.6341622765120554,8.00039340615515e-07
17782.79410038898,590.551,0.658972,590.5514957080736,0.6589721627069887,8.393980800396767e-07
18478.49797422265,590.552,0.684753,590.5515208057973,0.6847526684334553,8.114346986421882e-07
19201.41938638775,590.552,0.711542,590.551547905696,0.7115417665180046,7.655454257268422e-07
19952.62314968852,590.552,0.739379,590.5515771674939,0.7393789153660705,7.159953500685943e-07
20733.21573485926,590.552,0.768305,590.5516087636569,0.7683051170805614,6.624925303056437e-07
21544.34690031853,590.552,0.798363,590.5516428804094,0.7983629778540966,6.047214824597521e-07
22387.21138568308,590.552,0.829597,590.551679718832,0.8295967707238384,5.423419237331446e-07
23263.05067153593,590.552,0.862053,590.5517194960463,0.8620525007813253,4.7498650810266614e-07
24173.15480804069,590.552,0.895778,590.5517624464952,0.8957779729333579,4.022564119971058e-07
25118.86431509544,590.552,0.930823,590.5518088233239,0.9308228623137056,3.2372517599124954e-07
26101.57215682499,590.552,0.967239,590.5518588998725,0.9672387874493364,2.38929225632948e-07
27122.72579331989,590.552,1.00508,590.5519129712874,1.0050793862889182,1.4737188814199594e-07
28183.82931264413,590.552,1.0444,590.5519713562593,1.044400395205535,4.850787665650426e-08
29286.44564625194,590.552,1.08526,590.5520343989035,1.085259731089973,5.825040720658887e-08
30432.19887107677,590.552,1.12772,590.5521024707867,1.1277175766554415,1.7356512725257616e-07
31622.77660168333,590.552,1.17184,590.5521759731178,1.1718364690793572,2.980400360537783e-07
32859.93247600606,590.552,1.21768,590.5522553391118,1.2176813921127005,4.32378949535234e-07
34145.48873833552,590.552,1.26532,590.5523410365439,1.26531987179257,5.77486128634124e-07
35481.33892335703,590.552,1.31482,590.5524335705059,1.3148220758988667,7.34184428281371e-07
36869.45064519521,590.553,1.36626,590.5525334863836,1.3662609173015339,7.899606610815144e-07
38311.86849557231,590.553,1.41971,590.5526413730717,1.419712161350515,6.072827039762904e-07
39810.71705534913,590.553,1.47525,590.5527578664431,1.4752545374665271,4.1008243419287694e-07
41368.20402388445,590.553,1.53297,590.5528836530988,1.5329698550969348,1.970130071147419e-07
42986.62347082212,590.553,1.59294,590.5530194744124,1.5929431242074332,3.339810395172495e-08
44668.35921509564,590.553,1.65526,590.5531661309025,1.6552626804868962,2.813495591457656e-07
46415.88833612709,590.553,1.72002,590.553324486948,1.720020315449698,5.494605001182411e-07
48231.78482239234,590.553,1.78731,590.5534954758843,1.7873114116270075,8.390021053544617e-07
50118.72336272646,590.554,1.85724,590.5536801055048,1.8572350830460358,5.417470244569276e-07
52079.48328595384,590.554,1.92989,590.5538794639992,1.9298943212039792,2.0423672317703812e-07
54116.95265464554,590.554,2.0054,590.5540947263688,2.005396146751487,1.605342529741754e-07
56234.13251903404,590.554,2.08385,590.5543271613506,2.0838517671088566,5.539949011927998e-07
58434.14133735085,590.555,2.16538,590.5545781388964,2.1653767402468853,7.143638830385569e-07
60720.21956909791,590.555,2.25009,590.5548491382464,2.250091144873347,2.554631510383074e-07
63095.73444801835,590.555,2.33812,590.5551417566481,2.338119757275477,2.400381182923389e-07
65564.18494179686,590.555,2.42959,590.555457718771,2.4295922350785917,7.750675206898843e-07
68129.20690579506,590.556,2.52464,590.5557988868705,2.524643308191159,3.4059186098091967e-07
70794.57843841267,590.556,2.62341,590.5561672717655,2.623412977217122,2.8328653092902383e-07
73564.22544596296,590.557,2.72605,590.5565650446895,2.726046719627279,7.365307103256131e-07
76442.22742525881,590.557,2.8327,590.5569945500876,2.8326957039928446,1.175070451337924e-08
79432.82347242688,590.557,2.94352,590.5574583194358,2.9435170125961787,7.760861747315399e-07
82540.41852680052,590.558,3.05867,590.5579590861605,3.0586738727458678,6.958871436297552e-08
85769.58985908804,590.558,3.17834,590.5584998017503,3.178335897136178,8.463367335321191e-07
89125.09381337313,590.559,3.30268,590.5590836531522,3.3026793336040305,1.4165305504289575e-07
92611.87281287786,590.56,3.43189,590.5597140815555,3.431887324650457,4.841612560264655e-07
96235.06263980731,590.56,3.56615,590.5603948026746,3.566150177107741,6.68509977878419e-07
99999.99999999838,590.561,3.70567,590.5611298286503,3.7056656423482592,2.1995894649599391e-07
103912.2303835152,590.562,3.85064,590.5619234916978,3.8506392074464144,1.2955589871618348e-07
107977.5162327692,590.563,4.00128,590.5627804696411,4.0012843977210775,3.7179681909000163e-07
112201.8454301945,590.564,4.15782,590.5637058134859,4.157823091102415,4.981604171013359e-07
116591.4401179813,590.565,4.32049,590.5647049771903,4.320485844784378,4.995966946329849e-07
121152.7658628569,590.566,4.48951,590.5657838498129,4.489512234641767,3.6601424970617607e-07
125892.5411794146,590.567,4.66515,590.5669487902237,4.6651512079095685,8.6734318693663e-08
130817.7474260172,590.568,4.84766,590.5682066645857,4.847661449641313,3.4993876281424634e-07
135935.6390878503,590.57,5.03731,590.5695648868261,5.037311763483277,7.367479566911009e-07
141253.7544622731,590.571,5.23438,590.5710314623377,5.23438146732206,5.333024549075577e-08
146779.9267622045,590.573,5.43916,590.5726150351643,5.439160804384554,6.518239081905008e-07
152522.2956538994,590.574,5.65195,590.5743249389543,5.65195137039167,5.501880977054803e-07
158489.3192461087,590.576,5.87307,590.5761712519775,5.873066557390187,2.900186561375529e-07
164689.7865482841,590.578,6.10283,590.5781648565314,6.102832014911331,2.791502499267565e-07
171132.8304161752,590.58,6.34159,590.580317503089,6.341586129129245,5.37620998363043e-07
177827.9410038893,590.583,6.58968,590.5826418795634,6.589680520718628,6.063478654540909e-07
184784.979742226,590.585,6.84748,590.5851516860994,6.847480562137274,2.568248556434966e-07
192014.1938638769,590.588,7.11537,590.5878617158338,7.115365915087158,2.3423178269550527e-07
199526.2314968846,590.591,7.39373,590.590787942098,7.393731088936243,3.5903723176838645e-07
207332.157348592,590.594,7.68299,590.5939476125809,7.682986020913036,8.895091596061753e-08
215443.4690031847,590.597,7.98356,590.5973593510035,7.98355667891667,6.084238527184848e-07
223872.1138568302,590.601,8.29589,590.601043266909,8.295885687817082,7.361479590952991e-08
232630.5067153586,590.605,8.62043,590.6050210742119,8.620432980152952,3.603358660731419e-08
241731.5480804063,590.609,8.95768,590.6093162192097,8.957676472169128,5.353835653009137e-07
251188.6431509537,590.614,9.30811,590.6139540188075,9.308112766170467,7.798427738834746e-08
261015.7215682492,590.619,9.67226,590.6189618097773,9.672257880205741,6.475220558647914e-08
271227.2579331981,590.624,10.0506,590.6243691099259,10.050648006132551,6.301209222741447e-07
281838.2931264405,590.63,10.4438,590.6302077921268,10.443840297153525,3.583128560789112e-07
292864.4564625185,590.637,10.8524,590.6365122722445,10.852413685953987,8.259519754910485e-07
304321.9887107668,590.643,11.277,590.6433197120535,11.276969734612738,5.436155119543524e-07
316227.7660168324,590.651,11.7181,590.6506702383583,11.718133517500457,5.610684206243217e-07
328599.3247600597,590.659,12.1766,590.6586071796023,12.17655453842406,6.693516389837186e-07
341454.8873833541,590.667,12.6529,590.6671773213646,12.652907683320873,3.004179745000783e-07
354813.3892335691,590.676,13.1479,590.6764311822539,13.147894209852783,7.298654865145688e-07
368694.506451951,590.686,13.6622,590.6864233118273,13.662242775298639,7.201008259022779e-07
383118.684955722,590.697,14.1967,590.6972126122963,14.196710504192351,3.602694614758033e-07
398107.1705534902,590.709,14.7521,590.7088626859189,14.75208409720416,2.3393724747140982e-07
413682.0402388433,590.721,15.3292,590.72144221013,15.329180982814682,7.490330821084648e-07
429866.23470822,590.735,15.9289,590.7350253426313,15.928850513383535,9.408300707524866e-08
446683.5921509551,590.75,16.552,590.7496921588305,16.551975207268608,5.225847379171435e-07
464158.8833612695,590.766,17.1995,590.7655291242194,17.199472038706606,7.981262146160618e-07
482317.848223922,590.783,17.8723,590.7826296044857,17.872293777221625,6.267590957093947e-07
501187.2336272632,590.801,18.5714,590.8010944163743,18.57143037838458,1.6779621549590305e-07
520794.8328595369,590.821,19.2979,590.8210324225608,19.297910427804318,5.761483298885854e-08
541169.5265464538,590.843,20.0528,590.8425611740561,20.052802640288224,7.422981891802064e-07
562341.3251903388,590.866,20.8372,590.8658076039507,20.837217416168954,3.267454321255904e-07
584341.4133735069,590.891,21.6523,590.8909087766061,21.652308456851582,1.5494079162045393e-07
607202.1956909774,590.918,22.4993,590.9180126967345,22.499274441693732,4.8259872357744864e-08
630957.3444801816,590.947,23.3794,590.9472791831653,23.37936076838868,4.767020564546518e-07
655641.8494179667,590.979,24.2939,590.978880812482,24.29386135907802,2.1183339496739028e-07
681292.0690579485,591.013,25.2441,591.013003938131,25.24412053447592,3.53454981880193e-08
707945.7843841247,591.05,26.2315,591.0498497910546,26.23153495834044,2.6067444910995696e-07
735642.2544596276,591.09,27.2576,591.0896356683892,27.257555654678775,6.202627141246845e-07
764422.274252586,591.133,28.3237,591.1325962172984,28.323690100121453,6.824885102960062e-07
794328.2347242666,591.179,29.4315,591.1789848215798,29.431504393944877,2.669593229404267e-08
825404.1852680029,591.229,30.5826,591.2290750993039,30.582625508261955,1.3397050917191902e-07
857695.898590878,591.283,31.7787,591.2831625204122,31.77874362093431,2.841787313910522e-07
891250.9381337287,591.342,33.0216,591.3415661539219,33.02161453378763,7.329337896741372e-07
926118.728128776,591.405,34.3131,591.404630555175,34.31306217873148,6.269011104841757e-07
962350.6263980704,591.473,35.655,591.4727278044063,35.65498121439435,4.60458552126609e-07
999999.999999981,591.546,37.0493,591.5462597088335,37.04933971588476,4.4326924515224966e-07
1039122.303835149,591.626,38.4982,591.6256601814622,38.49818196027455,5.739758558105653e-07
1079775.162327689,591.711,40.0036,591.7113978108705,40.00363131037123,6.72848808923614e-07
1122018.454301942,591.804,41.5679,591.8039786374178,41.567893199299775,3.778929291781366e-08
1165914.40117981,591.904,43.1933,591.90394915257,43.19325821834566,1.1089143375057435e-07
1211527.658628565,592.012,44.8821,592.0118995394222,44.882105310420435,1.694441793588906e-07
1258925.411794143,592.128,46.6369,592.128467173969,46.636905071391034,7.865845269853299e-07
1308177.474260169,592.254,48.4602,592.2543404083013,48.46022316136299,5.741771049125121e-07
1359356.390878499,592.39,50.3547,592.3902626586465,50.35472382782084,4.4360884290518734e-07
1412537.544622727,592.537,52.3232,592.5370368230743,52.32317354229733,7.622615338180481e-08
1467799.267622041,592.696,54.3684,592.6955300557548,54.3684447519652,7.93150204793094e-07
1525222.956538989,592.867,56.4935,592.8666789268881,56.49351974720996,5.401370450951826e-07
1584893.192461082,593.051,58.7015,593.0514949998737,58.70149464584317,8.306555095352003e-07
1646897.865482836,593.251,60.9956,593.2510708599189,60.99558349414212,1.2199791938490908e-07
1711328.304161747,593.467,63.3791,593.4665866311841,63.37912248434419,6.936180174371834e-07
1778279.410038887,593.699,65.8556,593.6993170226852,65.85557428756915,5.324661886097795e-07
1847849.797422254,593.951,68.4285,593.9506389465924,68.42853250037504,6.063316435389559e-07
1920141.938638763,594.222,71.1017,594.2220397562851,71.10172620225688,7.956125322950507e-08
1995262.314968839,594.515,73.879,594.5151261555782,73.87902462035694,2.145520892603127e-07
2073321.573485913,594.832,76.7644,594.8316338349566,76.76444189643887,6.144980853389323e-07
2154434.69003184,595.173,79.7621,595.1734378954895,79.76214194977355,7.325635818498e-07
2238721.138568294,595.543,82.8764,595.5425641263666,82.87644342795103,7.284969548315851e-07
2326305.067153579,595.941,86.1118,595.941201207766,86.11182473574301,3.3667538592331997e-07
2417315.480804055,596.372,89.4729,596.3717139170732,89.47292912995334,4.768493618276076e-07
2511886.431509529,596.837,92.9646,596.8366574233783,92.96456986566407,5.693383930575732e-07
2610157.215682483,597.339,96.5917,597.3387927627356,96.59173537635675,3.474396446011147e-07
2712272.579331973,597.881,100.36,597.8811035949711,100.35959446700876,6.90406139442372e-07
2818382.931264396,598.467,104.274,598.4668143519303,104.27350149534895,8.756644845109884e-07
2928644.564625176,599.099,108.339,599.0994098970415,108.33900151193755,6.73273274957968e-07
3043219.887107659,599.783,112.562,599.7826568270701,112.5618353244976,6.23738303249543e-07
3162277.660168313,600.521,116.948,600.5206265590225,116.94794444587271,6.171122025340101e-07
3285993.247600586,601.318,121.503,601.3177203584629,121.5034758779715,8.997326172441753e-07
3414548.87383353,602.179,126.235,602.1786964801762,126.23478667593182,6.029685740053051e-07
3548133.89233568,603.109,131.148,603.1086996082767,131.14844822731806,8.742282056977242e-07
3686945.064519498,604.113,136.251,604.1132928007182,136.25125017022398,6.218757034545613e-07
3831186.849557207,605.198,141.55,605.1984921628627,141.55020386145156,8.570980065643202e-07
3981071.705534888,606.371,147.053,606.370804496566,147.05254529116013,7.932664001780168e-07
4136820.402388419,607.637,152.766,607.6372681953284,152.7657373231784,5.991632299929638e-07
4298662.347082186,609.005,158.697,609.0054976827242,158.69747112012485,1.0889205574440394e-06
4466835.921509536,610.484,164.856,610.4837317208511,164.85566658908553,6.767516098698486e-07
4641588.83361268,612.081,171.248,612.0808859482227,171.24847165626196,7.634689552951588e-07
4823178.482239203,613.807,177.884,613.8066100427528,177.88426014701733,7.335235409918599e-07
5011872.336272615,615.671,184.772,615.6713499455793,184.77162801027836,7.945291207408467e-07
5207948.328595351,617.686,191.919,617.686415625909,191.91938758228795,8.786130337714491e-07
5411695.26546452,619.864,199.337,619.8640549162299,199.33655953305478,6.817058331896955e-07
5623413.251903369,622.218,207.032,622.2175340016355,207.0323620780799,8.999240232919761e-07
5843414.13373505,624.761,215.016,624.7612252071011,215.0161969663428,4.528185183998474e-07
6072021.956909753,627.511,223.298,627.5107027928519,223.2976316710502,7.105770395602877e-07
6309573.444801795,630.483,231.886,630.4828475409496,231.88637710983724,6.055049845798362e-07
6556418.494179646,633.696,240.792,633.6959609963478,240.79226010298464,3.879779276800248e-07
6812920.690579464,637.17,250.025,637.1698903133113,250.0251896382748,3.200655056178296e-07
7079457.843841224,640.926,259.595,640.9261647535257,259.5951158450351,2.912563628144497e-07
7356422.544596252,644.988,269.512,644.9881449854805,269.51198038262527,2.092987614317534e-07
7644222.742525835,649.381,279.786,649.3811864456079,279.7856567139265,5.524755869315959e-07
7943282.34724264,654.133,290.426,654.1328181394675,290.4258784548438,3.05625469494493e-07
8254041.852680002,659.273,301.442,659.2729383847712,301.44215365754104,2.2837134763450215e-07
8576958.985908752,664.834,312.844,664.8340291250122,312.84366248730424,4.6105668392144777e-07
8912509.381337259,670.851,324.639,670.8513905695378,324.63913527767335,5.546067292016768e-07
9261187.28128773,677.363,336.837,677.3633980379869,336.8367073802865,6.530470058293531e-07
9623506.263980672,684.412,349.444,684.4117829966806,349.44374654614023,4.3419378343856524e-07
9999999.999999776,692.042,362.467,692.0419403612038,362.46664776146963,4.5729993412335746e-07
10391223.03835146,700.303,375.911,700.3032641881748,375.91058948766306,6.141995027674708e-07
10797751.62327685,709.25,389.779,709.2495138692983,389.779244089126,6.721497898193064e-07
11220184.54301938,718.939,404.074,718.9392128437138,404.0744338386082,5.859469129950488e-07
11659144.01179805,729.436,418.796,729.4360816212622,418.7957222227201,3.4421247212995e-07
12115276.58628561,740.81,433.94,740.8095065064665,433.9399282806795,5.808393758937591e-07
12589254.11794139,753.135,449.501,753.1350447587979,449.50054933892574,5.163498429969931e-07
13081774.74260164,766.495,465.467,766.4949659223438,465.467074688174,9.154662409827966e-08
13593563.90878494,780.979,481.824,780.9788275774075,481.8241694167051,2.634186190343136e-07
14125375.44622722,796.684,498.551,796.6840816344925,498.5507036895631,3.270313935986032e-07
14677992.67622036,813.717,515.619,813.7167042771719,515.6185981745984,5.1790811220921e-07
15252229.56538984,832.192,532.991,832.1918384598846,532.9914509996261,4.847568257511954e-07
15848931.92461077,852.234,550.623,852.2344320792556,550.6229055414452,4.35903231964106e-07
16468978.6548283,873.98,568.455,873.9798470402646,568.4547115056469,3.1319859768041597e-07
17113283.04161741,897.574,586.414,897.5744037545749,586.4144242480581,5.462495803827216e-07
17782794.10038882,923.176,604.413,923.1758112706241,604.412679345092,3.371953236507737e-07
18478497.97422248,950.953,622.34,950.9534141488815,622.3399714930048,3.6527134926522376e-07
19201419.38638757,981.088,640.063,981.0881620040316,640.0628596996664,1.8295101248865376e-07
19952623.14968833,1013.77,657.42,1013.7721747005965,657.4195157392595,1.84391892986765e-06
20733215.73485907,1049.21,674.215,1049.207733606089,674.2145320484191,1.8555791478769067e-06
21544346.90031833,1087.61,690.213,1087.6054749932196,690.2129118360692,3.513515492846654e-06
22387211.38568287,1129.18,705.133,1129.1814935915836,705.1331829030481,1.1303160076247124e-06
23263050.67153571,1174.15,718.64,1174.1529808385744,718.63961440087,2.183376013571611e-06
24173154.80804047,1222.73,730.334,1222.7319232453,730.3335821937388,1.3818625084035335e-06
25118864.3150952,1275.12,739.744,1275.1162737530017,739.7442368273493,2.5328114844352443e-06
26101572.15682475,1331.48,746.319,1331.4778900433844,746.3187955851298,1.3888025023346664e-06
27122725.79331964,1391.95,749.413,1391.9464235432772,749.4130279170078,2.2624103007244734e-06
28183829.31264386,1456.59,748.283,1456.588269054629,748.2828553824463,1.0607150917149776e-06
29286445.64625166,1525.38,742.078,1525.3796939446725,742.0784653976486,3.2836839804675657e-07
30432198.87107649,1598.17,729.843,1598.1734294571334,729.842954768796,1.952121564508342e-06
31622776.60168303,1674.66,710.518,1674.6584275920477,710.5182610931184,8.761976184380337e-07
32859932.47600575,1754.31,682.962,1754.3132982477146,682.9619444231439,1.7522451420015454e-06
34145488.73833519,1836.36,645.979,1836.3552922134816,645.9791003257465,2.418939382721817e-06
35481338.92335669,1919.69,598.374,1919.6887112434233,598.3740465060525,6.413392894235775e-07
36869450.64519487,2002.86,539.026,2002.8593270734982,539.0260027069037,3.2444136493426785e-07
38311868.49557195,2084.02,466.991,2084.024563323228,466.99121205709065,2.138987378634797e-06
39810717.05534876,2160.95,381.63,2160.952228758727,381.6302350494218,1.0212937647660637e-06
41368204.02388407,2231.06,282.753,2231.0623535531813,282.753118158602,1.0478494611442661e-06
42986623.47082172,2291.53,170.767,2291.5255505696186,170.76708822059558,1.9367006214279092e-06
44668359.21509522,2339.43,46.8028,2339.4255787466823,46.8027891504134,1.8895160172541313e-06
46415888.33612666,2371.98,-87.2113,2371.9824563512234,-87.21129916758653,1.0348696941992817e-06
48231784.82239188,2386.82,-228.557,2386.8165126279673,-228.55692623007104,1.454769911888737e-06
50118723.362726,2382.22,-373.838,2382.216930703123,-373.8381947558483,1.275402643670114e-06
52079483.28595335,2357.37,-519.2,2357.366809546495,-519.2001994521951,1.3242998438333186e-06
54116952.65464503,2312.48,-660.631,2312.4769400288965,-660.6313616424648,1.2811968495709072e-06
56234132.51903352,2248.8,-794.303,2248.795406738765,-794.3032891594144,1.9297465792476915e-06
58434141.33735032,2168.49,-916.89,2168.4867910735616,-916.8897117139514,1.3684597679297372e-06
60720219.56909736,2074.4,-1025.81,2074.404457997033,-1025.8103508881818,1.932338892408463e-06
63095734.44801776,1969.8,-1119.37,1969.8016688040914,-1119.3651146723832,2.2786086290301763e-06
65564184.94179626,1858.04,-1196.75,1858.0350065272935,-1196.7511152617733,2.3150621149606684e-06
68129206.90579443,1742.31,-1257.98,1742.3062824457916,-1257.9798842742764,1.7307481336856613e-06
70794578.43841203,1625.47,-1303.73,1625.4719283462089,-1303.727585463634,1.4829603888036012e-06
73564225.4459623,1509.93,-1335.15,1509.9293355089596,-1335.1548814359041,2.4441988863099973e-06
76442227.42525811,1397.57,-1353.73,1397.5737493091426,-1353.7277811475444,2.2391177032228457e-06
79432823.47242616,1289.81,-1361.06,1289.8100147324503,-1361.0607515838474,4.00894852597194e-07
82540418.52679977,1187.6,-1358.79,1187.6005282798503,-1358.7927989365674,1.5783538029895976e-06
85769589.85908726,1091.53,-1348.5,1091.532318876463,-1348.4987272661253,1.5246906460594352e-06
89125093.81337231,1001.89,-1331.63,1001.8900290743467,-1331.6323006502728,1.3806866835974105e-06
92611872.81287701,918.726,-1309.5,918.7259334380112,-1309.4953416608685,2.912421700448466e-06
96235062.63980643,841.922,-1283.23,841.9219660903042,-1283.2261395174362,2.515455374720032e-06
99999999.99999748,771.242,-1253.8,771.2416086699184,-1253.801092977972,7.886613756296252e-07
103912230.3835143,706.371,-1222.04,706.3713898511558,-1222.044618455823,3.2836385201542068e-06
107977516.2327682,646.953,-1188.64,646.9528399690187,-1188.6435814977297,2.649132208389918e-06
112201845.4301935,592.606,-1154.16,592.6062561413272,-1154.163624837532,2.800866889782125e-06
116591440.1179802,542.948,-1119.07,542.9477721493863,-1119.065671772738,3.4845906728361178e-06
121152765.8628558,497.601,-1083.72,497.6011531786002,-1083.7215644122766,1.318148329423183e-06
125892541.1794135,456.206,-1048.43,456.2055582416572,-1048.4282777268022,1.5550565652240585e-06
130817747.4260161,418.42,-1013.42,418.42030127821437,-1013.420472229317,5.108994022602372e-07
135935639.0878491,383.927,-978.881,383.92743417110063,-978.8813510681928,5.31012611990948e-07
141253754.4622718,352.433,-944.952,352.4327901268949,-944.9519062133306,2.2792991659577575e-07
146779926.7622032,323.666,-911.739,323.66597095169726,-911.7387006299317,3.1088449202728196e-07
152522295.653898,297.38,-879.32,297.379636984099,-879.3203590487032,5.500535269930522e-07
158489319.2461073,273.348,-847.753,273.34836085200124,-847.7529433602426,4.100783100668843e-07
164689786.5482826,251.367,-817.074,251.36723158189602,-817.0743793895953,5.199465702858431e-07
171132830.4161736,231.25,-787.308,231.25033954737873,-787.3080860989559,4.2689169826356923e-07
177827941.0038877,212.829,-758.466,212.82923132597347,-758.4659400330537,3.033564254330968e-07
184784979.7422243,195.951,-730.551,195.9513933651303,-730.5506893893422,6.626533903371547e-07
192014193.8638752,180.479,-703.558,180.47880169558007,-703.5579147521312,2.9717782682955894e-07
199526231.4968827,166.287,-677.478,166.28655960804346,-677.4776179063216,8.358019664162656e-07
207332157.3485901,153.262,-652.296,153.26163455621867,-652.2955064702753,9.164893292989448e-07
215443469.0031827,141.302,-627.994,141.30169829608525,-627.9940303529219,4.7107265268510617e-07
223872113.8568281,130.314,-604.553,130.31406946796722,-604.5532161157537,3.670634274323865e-07
232630506.7153565,120.215,-581.951,120.21475476877845,-581.9513370154934,7.013933503568141e-07
241731548.080404,110.928,-560.165,110.92758302991682,-560.1654496085215,1.073820933252956e-06
251188643.1509514,102.383,-539.172,102.38342553471772,-539.1718221084866,8.404079993999701e-07
261015721.5682468,94.5195,-518.946,94.51949550626844,-518.9462750144131,5.214399350372348e-07
271227257.9331956,87.2787,-499.464,87.27871967713409,-499.4644507000049,8.897438136558807e-07
281838293.1264378,80.6092,-480.702,80.6091750790982,-480.70202553006067,7.319614918811024e-08
292864456.4625158,74.4636,-462.635,74.46358456666849,-462.634875523144,2.676757334950324e-07
304321988.7107641,68.7989,-445.239,68.79886504579203,-445.23920450684454,4.605145271882578e-07
316227766.0168295,63.5757,-428.492,63.575722873431765,-428.49164202659665,8.280656402945739e-07
328599324.7600567,58.7583,-412.369,58.75829139404632,-412.369316899602,7.610808578216247e-07
341454887.383351,54.3138,-396.85,54.31380606608615,-396.8499111931805,2.2222914232154168e-07
354813389.2335659,50.2123,-381.912,50.21231309341497,-381.9116985037533,7.834414919896541e-07
368694506.4519476,46.4264,-367.534,46.426407906390224,-367.5335696794349,1.1617985643263435e-06
383118684.9557185,42.931,-353.695,42.931000232032304,-353.6950485338946,1.3622138302712162e-07
398107170.5534865,39.7031,-340.376,39.70310285152101,-340.3762996157843,8.743603584268442e-07
413682040.2388395,36.7216,-327.558,36.721641466953336,-327.5581297055263,4.131329952874718e-07
429866234.7082161,33.9673,-315.222,33.967283389589106,-315.22198439247836,7.189018442798065e-08
446683592.150951,31.4223,-303.35,31.422283020979506,-303.3499408265883,2.0185781094470295e-07
464158883.3612653,29.0703,-291.925,29.070342328929517,-291.92469752831903,1.0410766065674025e-06
482317848.2239175,26.8965,-280.93,26.89648472480572,-280.92956196977843,1.5530633248817085e-06
501187233.6272587,24.8869,-270.348,24.886940929820454,-270.348436501183,1.6148421919898334e-06
520794832.8595322,23.029,-260.166,23.029045578049743,-260.16580308404224,7.738705937726614e-07
541169526.546449,21.3111,-250.367,21.31114344535467,-250.36670720087474,1.1780249798386383e-06
562341325.1903337,19.7225,-240.937,19.722504318179393,-240.93674123691545,1.0705564497381209e-06
584341413.3735017,18.2532,-231.862,18.253245626292536,-231.86202756892467,2.2920591148427774e-07
607202195.690972,16.8943,-223.129,16.89426206065141,-223.12920154724742,9.16516876898667e-07
630957344.480176,15.6372,-214.725,15.637161483234914,-214.7253945175883,1.8411720038352234e-06
655641849.4179609,14.4742,-206.638,14.474206511280839,-206.6382169968221,1.0480339130341175e-06
681292069.0579425,13.3983,-198.856,13.398261225095725,-198.8557420911553,1.3085735138055283e-06
707945784.3841183,12.4027,-191.366,12.40274250755076,-191.36648922394915,2.5607358868212453e-06
735642254.459621,11.4816,-184.159,11.48157557548241,-184.15940822357155,2.2163467200692826e-06
764422274.2525791,10.6292,-177.224,10.629153309314928,-177.22386380801746,8.10923139085365e-07
794328234.7242595,9.8403,-170.55,9.840299028042802,-170.5496204920942,2.2215178629151526e-06
825404185.2679955,9.11023,-164.127,9.110232392896197,-164.12682793422042,1.0468607291813532e-06
857695898.5908703,8.43454,-157.946,8.434538155122432,-157.9460067329117,4.413635617295616e-08
891250938.1337206,7.80914,-151.998,7.809137491844125,-151.9980346775019,2.2843909274562798e-07
926118728.1287676,7.23026,-146.274,7.230261699327729,-146.2741334532899,9.113119228758218e-07
962350626.3980616,6.69443,-140.766,6.694428035595067,-140.76585579789946,1.0233495209200115e-06
999999999.999972,6.19842,-135.465,6.198417524460085,-135.46507310300004,5.393896113015825e-07
1039122303.83514,5.73925,-130.364,5.73925455106636,-130.36396345352532,2.822337775812108e-07
1079775162.327679,5.31419,-125.455,5.314188095086194,-125.4550000950094,1.5189293736957504e-08
1122018454.301932,4.92067,-120.731,4.920674462143854,-120.73094031855257,4.953028308762936e-07
1165914401.179799,4.55636,-116.185,4.556361386935466,-116.18481475214416,1.5932439945471352e-06
1211527658.628554,4.21907,-111.81,4.21907339310634,-111.80991704653724,7.420073913898971e-07
1258925411.794131,3.9068,-107.6,3.9067983053637025,-107.59979394355648,1.913830038589437e-06
1308177474.260157,3.61767,-103.548,3.617674818677472,-103.54823571455805,2.2754617678285786e-06
1359356390.878487,3.34998,-99.6493,3.349981037871144,-99.64926695673299,3.315719037046398e-07
1412537544.622714,3.10212,-95.8971,3.1021239085288,-95.89713773501838,3.953930762129492e-07
1467799267.622027,2.87263,-92.2863,2.872629467033047,-92.28631505752905,1.6318415567485925e-07
1525222956.538975,2.66013,-88.8115,2.660133843779966,-88.81147467263267,2.8831743684279963e-07
1584893192.461068,2.46337,-85.4675,2.4633749592611482,-85.46749317604372,9.865944617672454e-08
1646897865.482821,2.28118,-82.2494,2.2811848578205307,-82.24944041659838,4.94737026957993e-07
1711328304.161731,2.11248,-79.1526,2.11248262853959,-79.15257218968124,3.5279105813884426e-07
1778279410.038871,1.95627,-76.1723,1.9562678669264408,-76.1723232076008,3.058557220176181e-07
1847849797.422237,1.81161,-73.3043,1.8116146349253075,-73.30430033654288,6.337566760976322e-08
1920141938.638746,1.67767,-70.5443,1.6776658802606133,-70.5442760900711,3.438322271900319e-07
1995262314.968822,1.55363,-67.8882,1.553628279318541,-67.88818236948303,2.6086495331180875e-07
2073321573.485895,1.43877,-65.3321,1.4387674706778,-65.33210444166727,7.821742599287579e-08
2154434690.031821,1.3324,-62.8723,1.332403649058292,-62.87227514544172,3.994664077351102e-07
2238721138.568274,1.23391,-60.5051,1.2339074918843076,-60.50506931767814,5.086890152259338e-07
2326305067.153558,1.1427,-58.227,1.1426963928802518,-58.226998430840524,6.754408219758402e-08
2417315480.804033,1.05823,-56.0347,1.0582309791500526,-56.03470543387422,9.85175788322499e-08
2511886431.509506,0.980012,-53.925,0.9800118900542764,-53.92495978868756,7.455698439836747e-07
2610157215.68246,0.907577,-51.8947,0.9075767979065446,-51.894652694760154,9.114318391801402e-07
2712272579.331948,0.840498,-49.9408,0.8404976520774197,-49.94079249469625,1.5042412271356813e-07
2818382931.26437,0.778378,-48.0605,0.7783781295318015,-48.06050025381684,5.9283894742225006e-09
2928644564.62515,0.720851,-46.251,0.7208512761465573,-46.251005507148065,1.1920600460697687e-07
3043219887.107631,0.667577,-44.5096,0.6675773243686751,-44.509642167419145,9.472986625486819e-07
3162277660.168285,0.618242,-42.8338,0.6182416738900988,-42.833844587929335,1.0408703330768989e-06
3285993247.600556,0.572553,-41.2211,0.5725530230418069,-41.221143774379534,1.0618376781351401e-06
3414548873.833499,0.530242,-39.6692,0.5302416395543141,-39.669163739992236,9.140238129532975e-07
3548133892.335648,0.491058,-38.1756,0.49105776020145847,-38.1756179984629,4.7146771311998284e-07
3686945064.519464,0.45477,-36.7383,0.4547701096453909,-36.73830618949507,1.684887675584552e-07
3831186849.557172,0.421165,-35.3551,0.42116452953877437,-35.355110831875855,3.0664077614695747e-07
3981071705.534853,0.390043,-34.024,0.39004270962050086,-34.02399419924108,1.706925052474063e-07
4136820402.388382,0.361221,-32.743,0.3612210131685362,-32.74299531386746,1.4311048395603015e-07
4298662347.082147,0.334529,-31.5102,0.33452938975203333,-31.510227054008013,8.586193498783135e-07
4466835921.509496,0.30981,-30.3239,0.3098103687586436,-30.32387337046,8.782091571549919e-07
4641588833.612638,0.286918,-29.1822,0.28691812766550895,-29.182186608219517,4.589012440668156e-07
4823178482.23916,0.265718,-28.0835,0.2657176294771276,-28.083484929237315,5.367796067228806e-07
5011872336.27257,0.246084,-27.0261,0.24608382417304794,-27.026149832441785,1.8437952368098578e-06
5207948328.595304,0.227901,-26.0086,0.22790090939607466,-26.008623767343604,9.137970585865938e-07
5411695265.464471,0.211062,-25.0294,0.21106164596969973,-25.02940783767649,3.1344686093306194e-07
5623413251.903318,0.195467,-24.0871,0.19546672416433697,-24.087059591664502,1.6775790465441114e-06
5843414133.734997,0.181024,-23.1802,0.18102417693759085,-23.180190895637224,3.9282697559820266e-07
6072021956.909698,0.167649,-22.3075,0.1676488366562876,-22.307465887838376,1.5291557348393824e-06
6309573444.801738,0.155262,-21.4676,0.15526183206911823,-21.46759900939465,4.6801338450149405e-08
6556418494.179586,0.14379,-20.6594,0.14379012254010637,-20.659353109526872,2.2696498431207275e-06
6812920690.579402,0.133166,-19.8815,0.13316606677629347,-19.881537622196518,1.8922787865816694e-06
7079457843.84116,0.123327,-19.133,0.12332702348938314,-19.13300681148816,3.5600192011242117e-07
7356422544.596185,0.114215,-18.4127,0.11421498162191643,-18.412658083130317,2.27648105485764e-06
7644222742.525764,0.105776,-17.7194,0.10577621794505028,-17.719430359656627,1.7133676059045485e-06
7943282347.242567,0.097961,-17.0523,0.0979609799982514,-17.052302516803657,1.475954114646069e-07
8254041852.679926,0.0907232,-16.4103,0.0907231924922431,-16.410291878833366,4.948751710563323e-07
8576958985.908672,0.0840202,-15.7925,0.08402018543623514,-15.792452770555629,2.9905917019278645e-06
8912509381.337175,0.0778124,-15.1979,0.07781244237973405,-15.19787512391084,1.6367945527119035e-06
9261187281.287643,0.0720634,-14.6257,0.07206336727881564,-14.625683137053652,1.1529562925522656e-06
9623506263.980583,0.0667391,-14.075,0.06673906860741384,-14.075033983957006,2.4144587866867876e-06
9999999999.999685,0.0618082,-13.5451,0.061808159436580114,-13.545116572630434,1.2235042386040672e-06
10391223038.35136,0.0572416,-13.0352,0.0572415722994415,-13.035150350119098,3.8088866322907854e-06
10797751623.27676,0.0530124,-12.5444,0.053012387747294734,-12.544384152519136,1.2633018807230795e-06
11220184543.01928,0.0490957,-12.0721,0.04909567558345002,-12.072095098311866,4.060362655434047e-07
11659144011.79795,0.0454683,-11.6176,0.04546834783657339,-11.617587523383301,1.0739417992802232e-06
12115276586.2855,0.042109,-11.1802,0.04210902260482741,-11.180191956157644,7.194703896765527e-07
12589254117.94127,0.0389979,-10.7593,0.03899789796647977,-10.759264131332298,3.333725402513383e-06
13081774742.60152,0.0361166,-10.3542,0.03611663521225047,-10.354184040759526,1.541326884932546e-06
13593563908.78482,0.0334483,-9.96436,0.033448250709823595,-9.964355020074542,4.997956530310469e-07
14125375446.22709,0.030977,-9.5892,0.030977015762029627,-9.589202869722937,2.992690100744961e-07
14677992676.22022,0.0286884,-9.22818,0.028688363867474958,-9.228175009090979,5.408453665521339e-07
15252229565.3897,0.0265688,-8.88074,0.026568804836170908,-8.88073966249145,3.8008285166362836e-08
15848931924.61063,0.0246058,-8.54639,0.02460584525323661,-8.546385075804741,5.761948168787901e-07
16468978654.82816,0.0227879,-8.22462,0.02278791482126982,-8.224618762620047,1.5045851972445596e-07
17113283041.61726,0.0211043,-7.91497,0.02110429814671706,-7.914966778765382,4.0697880244100157e-07
17782794100.38866,0.0195451,-7.61697,0.01954507156773722,-7.616973024156759,3.970449213755327e-07
18478497974.22231,0.018101,-7.3302,0.018101044650833495,-7.330198570937465,1.9505004481112846e-07
19201419386.38739,0.0167637,-7.05422,0.016763706011100384,-7.054221016916979,1.4415934390583388e-07
19952623149.68815,0.0155252,-6.78863,0.015525173136465993,-6.7886338633566465,5.691041845008723e-07
20733215734.85888,0.0143781,-6.53305,0.014378145919948121,-6.533045916184899,6.251392421051872e-07
21544346900.31814,0.0133159,-6.28708,0.013315863625834503,-6.287080709759579,1.1303965524762256e-07
22387211385.68267,0.0123321,-6.05038,0.012332065035966911,-6.05037595232818,6.69018661260883e-07
23263050671.5355,0.011421,-5.82258,0.011420951541077196,-5.822582992368675,5.139910022018964e-07
24173154808.04025,0.0105772,-5.60337,0.010577152959505098,-5.60336630502459,6.594729039803189e-07
25118864315.09498,0.0097957,-5.3924,0.009795695881720797,-5.392402997877538,5.559442461570787e-07
26101572156.82451,0.00907197,-5.18938,0.009071974353978635,-5.189382335328879,4.5002068031382495e-07
27122725793.31939,0.00840172,-4.99401,0.008401722728229514,-4.994005280889776,9.449538134701945e-07
28183829312.64361,0.00778099,-4.80598,0.007780990518199042,-4.805984056705187,8.440934999675093e-07
29286445646.2514,0.00720612,-4.62504,0.007206119113373083,-4.625041719662755,3.7181521809308365e-07
30432198871.07621,0.00667372,-4.45091,0.006673720213591645,-4.450911753462122,3.939552748594712e-07
31622776601.68275,0.00618066,-4.28334,0.006180655857100949,-4.283337676043585,5.425576650758004e-07
32859932476.00546,0.00572402,-4.12207,0.005724019924311309,-4.122072661797734,6.457419330873561e-07
34145488738.33488,0.00530112,-3.96688,0.005301121008212085,-3.966879177999468,2.0721589429196528e-07
35481338923.35636,0.00490947,-3.81753,0.004909466550454852,-3.817528634930772,3.575801488601895e-07
36869450645.19452,0.00454675,-3.6738,0.004546748149579471,-3.673801049176804,2.8558368249463676e-07
38311868495.57159,0.00421083,-3.53548,0.004210827954769792,-3.535484719599242,1.3349220012734385e-06
39810717055.34839,0.00389973,-3.40238,0.0038997260649271176,-3.4023759155095483,1.2004815945346833e-06
41368204023.88367,0.00361161,-3.27428,0.0036116088587770357,-3.274278576582778,4.347268505578195e-07
42986623470.82132,0.00334478,-3.151,0.003344778187215031,-3.1510040240698345,1.2770748450830606e-06
44668359215.0948,0.00309766,-3.03237,0.003097661364180186,-3.0323706828828008,2.2519799809424337e-07
46415888336.12622,0.0028688,-2.9182,0.002868801897054264,-2.918203814143862,1.307017170054266e-06
48231784822.39143,0.00265685,-2.80834,0.0026568509019437225,-2.8083352578039333,1.6886139277340058e-06
50118723362.72553,0.00246056,-2.7026,0.0024605591532398156,-2.7026031849517476,1.1784750931841708e-06
52079483285.95287,0.00227877,-2.60085,0.002278769720591613,-2.6008518594486074,7.149380338819932e-07
54116952654.64453,0.00211041,-2.50293,0.002110411149889594,-2.502931408537639,5.627551769243659e-07
56234132519.033,0.00195449,-2.4087,0.0019544911480646942,-2.4086976020896422,9.955213311832016e-07
58434141337.34977,0.00181009,-2.31801,0.0018100907344777068,-2.3180116401603543,7.075719509650515e-07
60720219569.09679,0.00167636,-2.23074,0.0016763588244246557,-2.2307399485462134,2.3071806115674883e-08
63095734448.01717,0.00155251,-2.14675,0.0015525072128308583,-2.146753982037423,1.8549108981954308e-06
65564184941.79565,0.00143781,-2.06593,0.0014378059285657969,-2.065930035078554,1.7093528160010687e-08
68129206905.79379,0.00133158,-1.98815,0.0013315789319952958,-1.9881490595577371,4.7302422015947623e-07
70794578438.41136,0.0012332,-1.9133,0.001233200130411213,-1.9132964894560907,1.8348139987265054e-06
73564225445.96161,0.00114209,-1.84126,0.0011420896878522797,-1.8412620720990547,1.1253686865563736e-06
76442227425.2574,0.00105771,-1.77194,0.0010577106075653259,-1.7719397057610857,1.660550233385356e-07
79432823472.42542,0.000979566,-1.70523,0.0009795655669630893,-1.7052272833844917,1.5931102681027447e-06
82540418526.799,0.000907194,-1.64103,0.0009071939864232088,-1.6410265421822203,2.107106230418844e-06
85769589859.08646,0.000840169,-1.57924,0.0008401693146513803,-1.579242918903056,1.8482923842023442e-06
89125093813.37148,0.000778097,-1.51979,0.0007780965146081572,-1.5197854105460362,3.0198035565278464e-06
92611872812.87614,0.00072061,-1.46257,0.0007206097351810991,-1.4625664403189227,2.4338591101849465e-06
96235062639.80553,0.00066737,-1.4075,0.0006673701548788308,-1.4075017286432951,1.2281641099374843e-06
99999999999.99654,0.000618064,-1.35451,0.0006180639848375069,-1.354510169016248,1.2478033375979575e-07
103912230383.5133,0.000572401,-1.30351,0.0005724006193692294,-1.3035137085458481,2.845037597883579e-06
107977516232.7672,0.000530111,-1.25444,0.0005301109231516069,-1.2544372329843816,2.2057822421500924e-06
112201845430.1924,0.000490946,-1.20721,0.000490945644963067,-1.2072084560900536,1.2789090829302284e-06
116591440117.9791,0.000454674,-1.16176,0.00045467394861437553,-1.1617578131541693,1.8823593342846495e-06
121152765862.8546,0.000421082,-1.11802,0.00042108205241763125,-1.118018358536965,1.468189593607334e-06
125892541179.4123,0.000389972,-1.07593,0.0003899719691737406,-1.0759256670611737,4.0271727634615175e-06
130817747426.0148,0.00036116,-1.03542,0.0003611603392518238,-1.03541773911807,2.183545570658923e-06
135935639087.8478,0.000334477,-0.996435,0.0003344773498827189,-0.996434909346228,9.097878965128252e-08
141253754462.2705,0.000309766,-0.95892,0.0003097657342969079,-0.9589197587484789,2.515869056002686e-07
146779926762.2018,0.00028688,-0.922817,0.0002868798448077932,-0.9228170301176208,3.263704314446995e-08
152522295653.8965,0.000265685,-0.888074,0.00026568479437708183,-0.8880735466463022,5.104911928292751e-07
158489319246.1058,0.000246056,-0.854638,0.0002460556616027006,-0.8546381336012071,1.563253789745526e-07
164689786548.281,0.000227877,-0.822462,0.00022787675444345653,-0.8224615429461625,5.557145983242716e-07
171132830416.172,0.000211041,-0.791496,0.0002110409283408599,-0.7914963808031402,4.81117971837726e-07
177827941003.886,0.000195449,-0.761697,0.0001954489547191574,-0.761697037644323,4.9421682277396456e-08
184784979742.2225,0.000181009,-0.73302,0.00018100893614153853,-0.7330196211123908,5.168860315506615e-07
192014193863.8733,0.000167636,-0.705422,0.00016763576467547216,-0.7054218913700904,1.5399318163464493e-07
199526231496.8808,0.000155251,-0.678863,0.00015525062027481795,-0.6788631988838554,2.9296655498702426e-07
207332157348.5881,0.000143781,-0.653304,0.00014378050622220156,-0.6533044245498427,6.498503662875798e-07
215443469003.1807,0.000133158,-0.628708,0.00013315781889357804,-0.6287079220741808,1.239463114927018e-07
223872113856.8259,0.00012332,-0.605037,0.00012331994930921125,-0.6050374625225758,7.644527779103329e-07
232630506715.3542,0.000114209,-0.582258,0.0001142089141226299,-0.5822581809575891,3.1078585383404363e-07
241731548080.4017,0.000105771,-0.560337,0.00010577101387264603,-0.5603365250849917,8.475531734951745e-07
251188643150.949,9.79565e-05,-0.53924,9.795651648419146e-05,-0.5392402058335528,3.817103172109521e-07
261015721568.2443,9.07194e-05,-0.518938,9.071936415255241e-05,-0.5189381497954709,2.8865766175718486e-07
271227257933.193,8.40169e-05,-0.4994,8.401690188340502e-05,-0.49940045345739265,9.080035532258275e-07
281838293126.4352,7.78096e-05,-0.480598,7.780962608868445e-05,-0.4805983391546078,7.056924186252847e-07
292864456462.5131,7.2061e-05,-0.462504,7.20609517565368e-05,-0.46250411268354347,2.4363794679874327e-07
304321988710.7612,6.6737e-05,-0.445091,6.67369968230712e-05,-0.44509112251012145,2.752472783764617e-07
316227766016.8265,6.18064e-05,-0.428334,6.180638247501804e-05,-0.4283337205138956,6.524961464052694e-07
328599324760.0535,5.724e-05,-0.412207,5.724004820629851e-05,-0.41220722421014966,5.43925820608267e-07
341454887383.3478,5.30111e-05,-0.396688,5.3011080538460346e-05,-0.3966878803943112,3.0151082305317956e-07
354813389233.5626,4.90946e-05,-0.381753,4.909455439547912e-05,-0.38175283015512995,4.4490796494199853e-07
368694506451.9441,4.54674e-05,-0.36738,4.546738619799907e-05,-0.3673800752050888,2.0470650040466374e-07
383118684955.7148,4.21082e-05,-0.353548,4.210819781116746e-05,-0.353548445478454,1.2600209576855282e-06
398107170553.4827,3.89972e-05,-0.340238,3.8997190544182727e-05,-0.3402375679492416,1.2698502351219197e-06
413682040238.8355,3.6116e-05,-0.327428,3.61160284589223e-05,-0.327427836623164,4.989705187379407e-07
429866234708.2119,3.34477e-05,-0.3151,3.344773029988296e-05,-0.3151003836593652,1.2175782199983898e-06
446683592150.9467,3.09766e-05,-0.303237,3.09765694084789e-05,-0.30323705157940356,1.7009600942779804e-07
464158883361.2608,2.8688e-05,-0.29182,2.868798103180236e-05,-0.29182036652254834,1.2559868641081772e-06
482317848223.9129,2.65685e-05,-0.280834,2.656847647953478e-05,-0.2808335125079988,1.7358754487231326e-06
501187233627.2538,2.46056e-05,-0.27026,2.46055636230569e-05,-0.27026030666611583,1.1347064632026869e-06
520794832859.5271,2.27877e-05,-0.260085,2.2787673268188305e-05,-0.2600851754021805,6.744028435869015e-07
541169526546.4437,2.11041e-05,-0.250293,2.110409096760473e-05,-0.2502931314575735,5.252144658181124e-07
562341325190.3282,1.95449e-05,-0.24087,1.954489387104248e-05,-0.24086975183458678,1.0302888203591098e-06
584341413373.496,1.81009e-05,-0.231801,1.8100892241091407e-05,-0.23180115655235228,6.753734723311865e-07
607202195690.9661,1.67636e-05,-0.223074,1.6763575289877173e-05,-0.22307398820259727,5.2885720389319455e-08
630957344480.1698,1.55251e-05,-0.214675,1.5525061017399048e-05,-0.21467539227511193,1.827294263562552e-06
655641849417.9545,1.4378e-05,-0.206593,1.4378049755876316e-05,-0.20659299822395144,8.600220657032596e-09
681292069057.9359,1.33158e-05,-0.198815,1.3315781146298277e-05,-0.19881490124648402,4.967108447851686e-07
707945784384.1115,1.2332e-05,-0.19133,1.2331994293602e-05,-0.19132964474844594,1.85675123077651e-06
735642254459.6138,1.14209e-05,-0.184126,1.1420890865636974e-05,-0.18412620346917632,1.1050527969027975e-06
764422274252.5715,1.05771e-05,-0.177194,1.057710091842573e-05,-0.1771939672421772,1.8486985337039502e-07
794328234724.2516,9.79565e-06,-0.170523,9.795651246297971e-06,-0.17052272536707727,1.6105356145056654e-06
825404185267.9873,9.07194e-06,-0.164103,9.071936070357573e-06,-0.16410265156998205,2.1232442870686487e-06
857695898590.8617,8.40169e-06,-0.157924,8.401689892523171e-06,-0.15792428953005755,1.8333472196830677e-06
891250938133.7118,7.78096e-06,-0.151979,7.780962355147142e-06,-0.15197853895102895,3.0336452346532327e-06
926118728128.7584,7.20609e-06,-0.146257,7.2060949580379675e-06,-0.1462566421570783,2.4466780860914623e-06
962350626398.0521,6.6737e-06,-0.14075,6.673699495658999e-06,-0.14075017119339883,1.216292649611223e-06
1000000000000.0,6.18064e-06,-0.135451,6.180638087414015e-06,-0.13545101541240043,1.1378578813107857e-07
