VOV_V,N_ids_A,N_gm_S,N_gds_S,N_gm_over_Id,P_abs_ids_A,P_gm_S,P_gm_over_Id
0.05,1.375e-06,5.5e-05,1.249999999999999e-07,40.0,1.375e-06,5.5e-05,40.0
0.055,1.66375e-06,6.05e-05,1.5125e-07,36.36363636363637,1.663749999999993e-06,6.049999999999988e-05,36.363636363636445
0.06,1.98e-06,6.6e-05,1.8e-07,33.333333333333336,1.98e-06,6.6e-05,33.333333333333336
0.065,2.323750000000001e-06,7.150000000000002e-05,2.112500000000001e-07,30.769230769230766,2.323749999999992e-06,7.149999999999988e-05,30.769230769230823
0.07,2.695000000000001e-06,7.700000000000001e-05,2.450000000000001e-07,28.57142857142857,2.695000000000001e-06,7.700000000000001e-05,28.57142857142857
0.07500000000000001,3.093750000000001e-06,8.250000000000001e-05,2.812500000000001e-07,26.66666666666666,3.093749999999992e-06,8.249999999999989e-05,26.6666666666667
0.08000000000000002,3.520000000000002e-06,8.800000000000002e-05,3.200000000000002e-07,24.999999999999993,3.520000000000002e-06,8.800000000000002e-05,24.999999999999993
0.08500000000000002,3.973750000000002e-06,9.350000000000002e-05,3.612500000000002e-07,23.529411764705873,3.973749999999992e-06,9.349999999999991e-05,23.529411764705905
0.09000000000000002,4.455000000000003e-06,9.900000000000005e-05,4.050000000000003e-07,22.222222222222218,4.455000000000003e-06,9.900000000000005e-05,22.222222222222218
0.09500000000000003,4.963750000000004e-06,0.0001045,4.512500000000003e-07,21.052631578947352,4.963749999999992e-06,0.0001044999999999999,21.05263157894738
0.1,5.500000000000004e-06,0.00011,5.000000000000003e-07,19.999999999999986,5.500000000000004e-06,0.00011,19.999999999999986
0.105,6.063750000000005e-06,0.0001155000000000001,5.512500000000004e-07,19.047619047619047,6.063749999999992e-06,0.0001154999999999999,19.047619047619055
0.11,6.655000000000006e-06,0.0001210000000000001,6.050000000000006e-07,18.18181818181818,6.655000000000006e-06,0.0001210000000000001,18.18181818181818
0.115,7.273750000000006e-06,0.0001265000000000001,6.612500000000006e-07,17.391304347826086,7.273749999999993e-06,0.0001264999999999999,17.39130434782609
0.1200000000000001,7.920000000000007e-06,0.0001320000000000001,7.200000000000007e-07,16.666666666666664,7.920000000000007e-06,0.0001320000000000001,16.666666666666664
0.1250000000000001,8.593750000000009e-06,0.0001375000000000001,7.812500000000008e-07,15.999999999999993,8.593749999999994e-06,0.0001375,16.000000000000014
0.1300000000000001,9.29500000000001e-06,0.0001430000000000001,8.450000000000009e-07,15.384615384615378,9.29500000000001e-06,0.0001430000000000001,15.384615384615378
0.1350000000000001,1.002375000000001e-05,0.0001485000000000001,9.112500000000008e-07,14.814814814814811,1.002374999999999e-05,0.0001485,14.814814814814829
0.1400000000000001,1.078000000000001e-05,0.0001540000000000001,9.80000000000001e-07,14.285714285714283,1.078000000000001e-05,0.0001540000000000001,14.285714285714283
0.1450000000000001,1.156375000000001e-05,0.0001595000000000001,1.051250000000001e-06,13.793103448275861,1.156375e-05,0.0001595,13.793103448275863
0.1500000000000001,1.237500000000001e-05,0.0001650000000000001,1.125000000000001e-06,13.333333333333332,1.237500000000001e-05,0.0001650000000000001,13.333333333333332
0.1550000000000001,1.321375000000002e-05,0.0001705000000000001,1.201250000000001e-06,12.903225806451601,1.321375e-05,0.0001705,12.903225806451612
0.1600000000000001,1.408000000000002e-05,0.0001760000000000001,1.280000000000002e-06,12.49999999999999,1.408000000000002e-05,0.0001760000000000001,12.49999999999999
0.1650000000000001,1.497375000000002e-05,0.0001815000000000001,1.361250000000002e-06,12.12121212121211,1.497375e-05,0.0001815,12.121212121212121
0.1700000000000001,1.589500000000002e-05,0.0001870000000000001,1.445000000000002e-06,11.764705882352933,1.589500000000002e-05,0.0001870000000000001,11.764705882352933
0.1750000000000001,1.684375000000002e-05,0.0001925000000000001,1.531250000000002e-06,11.428571428571422,1.684375e-05,0.0001925,11.428571428571429
0.1800000000000001,1.782000000000003e-05,0.0001980000000000002,1.620000000000002e-06,11.111111111111104,1.782000000000003e-05,0.0001980000000000002,11.111111111111104
0.1850000000000001,1.882375000000002e-05,0.0002035000000000001,1.711250000000002e-06,10.810810810810803,1.882375e-05,0.0002035,10.81081081081081
0.1900000000000001,1.985500000000003e-05,0.0002090000000000001,1.805000000000002e-06,10.526315789473673,1.985500000000003e-05,0.0002090000000000001,10.526315789473673
0.1950000000000001,2.091375000000003e-05,0.0002145000000000002,1.901250000000003e-06,10.256410256410252,2.091375e-05,0.0002145,10.256410256410257
0.2000000000000001,2.200000000000003e-05,0.0002200000000000001,2.000000000000002e-06,9.999999999999991,2.200000000000003e-05,0.0002200000000000001,9.999999999999991
0.2050000000000001,2.311375000000003e-05,0.0002255000000000002,2.101250000000003e-06,9.756097560975606,2.311375000000001e-05,0.0002255,9.756097560975606
0.2100000000000001,2.425500000000003e-05,0.0002310000000000002,2.205000000000003e-06,9.52380952380952,2.425500000000003e-05,0.0002310000000000002,9.52380952380952
0.2150000000000001,2.542375000000004e-05,0.0002365000000000002,2.311250000000003e-06,9.302325581395342,2.542375000000001e-05,0.0002365000000000001,9.30232558139535
0.2200000000000001,2.662000000000004e-05,0.0002420000000000002,2.420000000000004e-06,9.090909090909085,2.662000000000004e-05,0.0002420000000000002,9.090909090909085
0.2250000000000001,2.784375000000004e-05,0.0002475000000000002,2.531250000000004e-06,8.888888888888884,2.784375000000001e-05,0.0002475000000000001,8.88888888888889
0.2300000000000001,2.909500000000004e-05,0.0002530000000000002,2.645000000000003e-06,8.695652173913038,2.909500000000004e-05,0.0002530000000000002,8.695652173913038
0.2350000000000002,3.037375000000004e-05,0.0002585000000000002,2.761250000000004e-06,8.510638297872337,3.037375000000001e-05,0.0002585,8.510638297872337
0.2400000000000002,3.168000000000005e-05,0.0002640000000000002,2.880000000000004e-06,8.333333333333327,3.168000000000005e-05,0.0002640000000000002,8.333333333333327
0.2450000000000002,3.301375000000004e-05,0.0002695000000000002,3.001250000000004e-06,8.163265306122444,3.301375000000002e-05,0.0002695000000000001,8.163265306122446
0.2500000000000002,3.437500000000005e-05,0.0002750000000000002,3.125000000000004e-06,7.999999999999994,3.437500000000005e-05,0.0002750000000000002,7.999999999999994
0.2550000000000002,3.576375000000006e-05,0.0002805000000000002,3.251250000000005e-06,7.8431372549019525,3.576375000000002e-05,0.0002805000000000001,7.843137254901959
0.2600000000000002,3.718000000000005e-05,0.0002860000000000002,3.380000000000005e-06,7.692307692307687,3.718000000000005e-05,0.0002860000000000002,7.692307692307687
0.2650000000000002,3.862375000000007e-05,0.0002915000000000003,3.511250000000006e-06,7.547169811320749,3.862375000000002e-05,0.0002915000000000001,7.547169811320754
0.2700000000000002,4.009500000000006e-05,0.0002970000000000002,3.645000000000005e-06,7.407407407407401,4.009500000000006e-05,0.0002970000000000002,7.407407407407401
0.2750000000000002,4.159375000000006e-05,0.0003025000000000002,3.781250000000006e-06,7.272727272727267,4.159375000000003e-05,0.0003025000000000001,7.272727272727269
0.2800000000000002,4.312000000000006e-05,0.0003080000000000002,3.920000000000006e-06,7.142857142857138,4.312000000000006e-05,0.0003080000000000002,7.142857142857138
0.2850000000000002,4.467375000000007e-05,0.0003135000000000002,4.061250000000006e-06,7.017543859649116,4.467375000000003e-05,0.0003135000000000001,7.01754385964912
0.2900000000000002,4.625500000000007e-05,0.0003190000000000003,4.205000000000006e-06,6.896551724137926,4.625500000000007e-05,0.0003190000000000003,6.896551724137926
0.2950000000000002,4.786375000000007e-05,0.0003245000000000003,4.351250000000006e-06,6.779661016949149,4.786375000000004e-05,0.0003245000000000001,6.779661016949149
0.3000000000000002,4.950000000000006e-05,0.0003300000000000002,4.500000000000006e-06,6.666666666666663,4.950000000000006e-05,0.0003300000000000002,6.666666666666663
0.3050000000000002,5.116375000000008e-05,0.0003355000000000002,4.651250000000007e-06,6.557377049180322,5.116375000000004e-05,0.0003355000000000001,6.5573770491803245
0.3100000000000002,5.285500000000008e-05,0.0003410000000000003,4.805000000000007e-06,6.4516129032258025,5.285500000000008e-05,0.0003410000000000003,6.4516129032258025
0.3150000000000002,5.457375000000009e-05,0.0003465000000000003,4.961250000000008e-06,6.349206349206344,5.457375000000004e-05,0.0003465000000000002,6.349206349206348
0.3200000000000002,5.632000000000008e-05,0.0003520000000000003,5.120000000000008e-06,6.249999999999997,5.632000000000008e-05,0.0003520000000000003,6.249999999999997
0.3250000000000002,5.809375000000009e-05,0.0003575000000000003,5.281250000000008e-06,6.15384615384615,5.809375000000005e-05,0.0003575000000000002,6.153846153846152
0.3300000000000002,5.98950000000001e-05,0.0003630000000000003,5.445000000000009e-06,6.060606060606055,5.98950000000001e-05,0.0003630000000000003,6.060606060606055
0.3350000000000002,6.172375000000008e-05,0.0003685000000000003,5.611250000000008e-06,5.97014925373134,6.172375000000006e-05,0.0003685000000000002,5.970149253731341
0.3400000000000002,6.358000000000009e-05,0.0003740000000000003,5.780000000000009e-06,5.882352941176467,6.358000000000009e-05,0.0003740000000000003,5.882352941176467
0.3450000000000003,6.54637500000001e-05,0.0003795000000000003,5.951250000000008e-06,5.797101449275358,6.546375000000006e-05,0.0003795000000000002,5.7971014492753605
0.3500000000000003,6.73750000000001e-05,0.0003850000000000003,6.12500000000001e-06,5.71428571428571,6.73750000000001e-05,0.0003850000000000003,5.71428571428571
0.3550000000000003,6.931375000000011e-05,0.0003905000000000003,6.30125000000001e-06,5.633802816901404,6.931375000000007e-05,0.0003905000000000002,5.633802816901406
0.3600000000000003,7.128000000000012e-05,0.0003960000000000004,6.48000000000001e-06,5.555555555555552,7.128000000000012e-05,0.0003960000000000004,5.555555555555552
0.3650000000000003,7.327375000000011e-05,0.0004015000000000003,6.66125000000001e-06,5.479452054794517,7.327375000000007e-05,0.0004015000000000002,5.4794520547945185
0.3700000000000003,7.529500000000013e-05,0.0004070000000000004,6.845000000000011e-06,5.405405405405402,7.529500000000013e-05,0.0004070000000000004,5.405405405405402
0.3750000000000003,7.734375000000011e-05,0.0004125000000000003,7.031250000000011e-06,5.3333333333333295,7.734375000000007e-05,0.0004125000000000002,5.333333333333331
0.3800000000000003,7.942000000000013e-05,0.0004180000000000003,7.220000000000012e-06,5.263157894736837,7.942000000000013e-05,0.0004180000000000003,5.263157894736837
0.3850000000000003,8.152375000000013e-05,0.0004235000000000004,7.411250000000011e-06,5.194805194805191,8.152375000000009e-05,0.0004235000000000003,5.194805194805193
0.3900000000000003,8.365500000000013e-05,0.0004290000000000004,7.605000000000012e-06,5.128205128205125,8.365500000000013e-05,0.0004290000000000004,5.128205128205125
0.3950000000000003,8.581375000000013e-05,0.0004345000000000003,7.801250000000011e-06,5.063291139240502,8.581375000000009e-05,0.0004345000000000002,5.063291139240503
0.4000000000000003,8.800000000000013e-05,0.0004400000000000003,8.000000000000011e-06,4.999999999999996,8.800000000000013e-05,0.0004400000000000003,4.999999999999996
0.4050000000000003,9.021375000000013e-05,0.0004455000000000004,8.201250000000012e-06,4.938271604938269,9.021375000000009e-05,0.0004455000000000003,4.93827160493827
0.4100000000000003,9.245500000000016e-05,0.0004510000000000004,8.405000000000014e-06,4.878048780487801,9.245500000000016e-05,0.0004510000000000004,4.878048780487801
0.4150000000000003,9.472375000000016e-05,0.0004565000000000004,8.611250000000013e-06,4.819277108433732,9.472375000000011e-05,0.0004565000000000003,4.819277108433733
0.4200000000000003,9.702000000000017e-05,0.0004620000000000004,8.820000000000014e-06,4.761904761904757,9.702000000000017e-05,0.0004620000000000004,4.761904761904757
0.4250000000000003,9.934375000000016e-05,0.0004675000000000004,9.031250000000015e-06,4.705882352941173,9.934375000000011e-05,0.0004675000000000003,4.705882352941175
0.4300000000000003,0.0001016950000000002,0.0004730000000000004,9.245000000000014e-06,4.651162790697669,0.0001016950000000002,0.0004730000000000004,4.651162790697669
0.4350000000000003,0.0001040737500000002,0.0004785000000000004,9.461250000000014e-06,4.597701149425282,0.0001040737500000001,0.0004785000000000003,4.597701149425286
0.4400000000000003,0.0001064800000000002,0.0004840000000000004,9.680000000000016e-06,4.5454545454545405,0.0001064800000000002,0.0004840000000000004,4.5454545454545405
0.4450000000000003,0.0001089137500000002,0.0004895000000000005,9.901250000000016e-06,4.494382022471906,0.0001089137500000001,0.0004895000000000004,4.4943820224719095
0.4500000000000003,0.0001113750000000002,0.0004950000000000004,1.012500000000002e-05,4.44444444444444,0.0001113750000000002,0.0004950000000000004,4.44444444444444
0.4550000000000003,0.0001138637500000002,0.0005005000000000005,1.035125000000002e-05,4.395604395604392,0.0001138637500000001,0.0005005000000000003,4.395604395604394
0.4600000000000004,0.0001163800000000002,0.0005060000000000004,1.058000000000002e-05,4.347826086956518,0.0001163800000000002,0.0005060000000000004,4.347826086956518
0.4650000000000004,0.0001189237500000002,0.0005115000000000005,1.081125000000002e-05,4.3010752688172005,0.0001189237500000001,0.0005115000000000003,4.301075268817203
0.4700000000000004,0.0001214950000000002,0.0005170000000000004,1.104500000000002e-05,4.255319148936167,0.0001214950000000002,0.0005170000000000004,4.255319148936167
0.4750000000000004,0.0001240937500000002,0.0005225000000000005,1.128125000000002e-05,4.210526315789471,0.0001240937500000002,0.0005225000000000003,4.210526315789469
0.4800000000000004,0.0001267200000000002,0.0005280000000000005,1.152000000000002e-05,4.166666666666664,0.0001267200000000002,0.0005280000000000005,4.166666666666664
0.4850000000000004,0.0001293737500000002,0.0005335000000000004,1.176125000000002e-05,4.1237113402061825,0.0001293737500000002,0.0005335000000000003,4.123711340206182
0.4900000000000004,0.0001320550000000002,0.0005390000000000005,1.200500000000002e-05,4.081632653061222,0.0001320550000000002,0.0005390000000000005,4.081632653061222
0.4950000000000004,0.0001347637500000002,0.0005445000000000005,1.225125000000002e-05,4.040404040404038,0.0001347637500000002,0.0005445000000000004,4.040404040404037
0.5000000000000003,0.0001375000000000003,0.0005500000000000006,1.250000000000002e-05,3.999999999999995,0.0001375000000000001,0.0005500000000000002,3.999999999999999
0.5050000000000003,0.0001402637500000002,0.0005555000000000004,1.275125000000002e-05,3.9603960396039577,0.0001402637500000002,0.0005555000000000004,3.9603960396039577
0.5100000000000003,0.0001430550000000003,0.0005610000000000005,1.300500000000002e-05,3.921568627450976,0.0001430550000000003,0.0005610000000000005,3.921568627450976
0.5150000000000003,0.0001458737500000002,0.0005665000000000005,1.326125000000002e-05,3.883495145631066,0.0001458737500000002,0.0005665000000000005,3.883495145631066
0.5200000000000004,0.0001487200000000003,0.0005720000000000006,1.352000000000003e-05,3.8461538461538423,0.0001487200000000002,0.0005720000000000004,3.8461538461538436
0.5250000000000004,0.0001515937500000002,0.0005775000000000005,1.378125000000002e-05,3.809523809523808,0.0001515937500000002,0.0005775000000000005,3.809523809523808
0.5300000000000004,0.0001544950000000003,0.0005830000000000006,1.404500000000003e-05,3.7735849056603743,0.0001544950000000003,0.0005830000000000006,3.7735849056603743
0.5350000000000004,0.0001574237500000002,0.0005885000000000005,1.431125000000002e-05,3.7383177570093444,0.0001574237500000002,0.0005885000000000005,3.7383177570093444
0.5400000000000004,0.0001603800000000003,0.0005940000000000006,1.458000000000002e-05,3.7037037037037,0.0001603800000000001,0.0005940000000000003,3.7037037037037037
0.5450000000000004,0.0001633637500000002,0.0005995000000000004,1.485125000000002e-05,3.6697247706422,0.0001633637500000002,0.0005995000000000004,3.6697247706422
0.5500000000000004,0.0001663750000000003,0.0006050000000000006,1.512500000000003e-05,3.6363636363636336,0.0001663750000000003,0.0006050000000000006,3.6363636363636336
0.5550000000000004,0.0001694137500000002,0.0006105000000000005,1.540125000000002e-05,3.6036036036036023,0.0001694137500000002,0.0006105000000000005,3.6036036036036023
0.5600000000000004,0.0001724800000000003,0.0006160000000000006,1.568000000000003e-05,3.5714285714285685,0.0001724800000000002,0.0006160000000000003,3.5714285714285694
0.5650000000000004,0.0001755737500000003,0.0006215000000000005,1.596125000000002e-05,3.5398230088495546,0.0001755737500000003,0.0006215000000000005,3.5398230088495546
0.5700000000000004,0.0001786950000000003,0.0006270000000000006,1.624500000000003e-05,3.5087719298245585,0.0001786950000000003,0.0006270000000000006,3.5087719298245585
0.5750000000000004,0.0001818437500000003,0.0006325000000000005,1.653125000000002e-05,3.478260869565214,0.0001818437500000003,0.0006325000000000005,3.478260869565214
0.5800000000000004,0.0001850200000000004,0.0006380000000000007,1.682000000000003e-05,3.4482758620689618,0.0001850200000000002,0.0006380000000000004,3.448275862068964
0.5850000000000004,0.0001882237500000003,0.0006435000000000005,1.711125000000003e-05,3.418803418803416,0.0001882237500000003,0.0006435000000000005,3.418803418803416
0.5900000000000004,0.0001914550000000004,0.0006490000000000007,1.740500000000003e-05,3.389830508474573,0.0001914550000000004,0.0006490000000000007,3.389830508474573
0.5950000000000004,0.0001947137500000003,0.0006545000000000006,1.770125000000003e-05,3.361344537815124,0.0001947137500000003,0.0006545000000000006,3.361344537815124
0.6,0.0001980000000000001,0.0006600000000000001,1.8e-05,3.333333333333332,0.0001979999999999999,0.0006599999999999999,3.3333333333333344
